-- phpMyAdmin SQL Dump
-- version 4.5.2
-- http://www.phpmyadmin.net
--
-- Host: localhost
-- Creato il: Gen 06, 2017 alle 14:10
-- Versione del server: 10.1.13-MariaDB
-- Versione PHP: 7.0.8

SET SQL_MODE = "NO_AUTO_VALUE_ON_ZERO";
SET time_zone = "+00:00";


/*!40101 SET @OLD_CHARACTER_SET_CLIENT=@@CHARACTER_SET_CLIENT */;
/*!40101 SET @OLD_CHARACTER_SET_RESULTS=@@CHARACTER_SET_RESULTS */;
/*!40101 SET @OLD_COLLATION_CONNECTION=@@COLLATION_CONNECTION */;
/*!40101 SET NAMES utf8mb4 */;

--
-- Database: `ASTROSERIO`
--

DELIMITER $$
--
-- Procedure
--
CREATE DEFINER=`root`@`localhost` PROCEDURE `eventistudiatigruppo` (IN `nogr` VARCHAR(40), IN `cigr` VARCHAR(40))  IF nogr='TUTTI' THEN

SELECT gruppo.nome,gruppo.citta,studia.evento,studia.inizio, studia.fine
FROM studia NATURAL JOIN parte NATURAL JOIN gruppo
GROUP BY studia.evento,parte.idgr;

ELSE

SELECT DISTINCT studia.evento, coinvolto.corpo, studia.inizio,studia.fine
FROM studia JOIN parte ON studia.astrofilo=parte.astrofilo JOIN coinvolto ON studia.idstudio=coinvolto.id JOIN gruppo ON gruppo.idgr=parte.idgr
WHERE gruppo.nome=nogr AND gruppo.citta=cigr;
END IF$$

CREATE DEFINER=`root`@`localhost` PROCEDURE `locrankmin` (IN `minimo` INT)  NO SQL
SELECT nomeloc, provloc,AVG(voto) AS rank
FROM giudica
GROUP BY nomeloc,provloc
HAVING rank>=minimo$$

--
-- Funzioni
--
CREATE DEFINER=`root`@`localhost` FUNCTION `migliorgruppo` () RETURNS VARCHAR(83) CHARSET latin1 BEGIN

    DECLARE x varchar(40);
    DECLARE y varchar(40);
    DECLARE z varchar(83);

    SELECT gruppo INTO x
    FROM gruppistudi
    WHERE numero = (SELECT MAX(numero)
                    FROM gruppistudi)
    LIMIT 1;
    
    SELECT citta INTO y
    FROM gruppistudi
    WHERE numero = (SELECT MAX(numero)
                    FROM gruppistudi)
    LIMIT 1;
    
    SET z=CONCAT(x,' - ', y);
    RETURN z;

END$$

CREATE DEFINER=`root`@`localhost` FUNCTION `numstudiastr` (`usr` VARCHAR(20)) RETURNS INT(4) BEGIN
    DECLARE num int;
    SELECT COUNT(username)
    INTO num
    FROM astrofilo JOIN studia
    ON astrofilo.mail=studia.astrofilo
    WHERE username=usr;
    RETURN num;
END$$

CREATE DEFINER=`root`@`localhost` FUNCTION `primostudio` (`ev` VARCHAR(40), `cor` VARCHAR(40)) RETURNS VARCHAR(40) CHARSET latin1 BEGIN
    DECLARE t DATETIME;
    CREATE TEMPORARY TABLE supp(
        corpo varchar(40),
        evento varchar(40),
        inizio datetime
    );
    
    INSERT INTO supp(corpo,evento,inizio)
    SELECT coinvolto.corpo,studia.evento,inizio
    FROM coinvolto JOIN studia ON coinvolto.id=studia.idstudio
    ORDER BY inizio ASC;
 
    SELECT inizio 
    INTO t
    FROM supp
    WHERE evento=ev
    AND corpo=cor
    LIMIT 1;
    RETURN t;
END$$

DELIMITER ;

-- --------------------------------------------------------

--
-- Struttura della tabella `altro`
--

CREATE TABLE `altro` (
  `nome` varchar(40) NOT NULL
) ENGINE=InnoDB DEFAULT CHARSET=latin1;

-- --------------------------------------------------------

--
-- Struttura della tabella `analizzato`
--

CREATE TABLE `analizzato` (
  `telescopio` varchar(20) NOT NULL,
  `corpo` varchar(40) NOT NULL,
  `evento` int(11) NOT NULL
) ENGINE=InnoDB DEFAULT CHARSET=latin1;

--
-- Dump dei dati per la tabella `analizzato`
--

INSERT INTO `analizzato` (`telescopio`, `corpo`, `evento`) VALUES
('132-ffdxe', 'Giove', 1),
('4f3f3', 'Luna', 5),
('4f3f3', 'Sole', 5);

-- --------------------------------------------------------

--
-- Struttura della tabella `asteroide`
--

CREATE TABLE `asteroide` (
  `nome` varchar(40) NOT NULL
) ENGINE=InnoDB DEFAULT CHARSET=latin1;

-- --------------------------------------------------------

--
-- Struttura della tabella `astrofilo`
--

CREATE TABLE `astrofilo` (
  `mail` varchar(40) NOT NULL,
  `nome` varchar(20) DEFAULT NULL,
  `cognome` varchar(20) DEFAULT NULL,
  `username` varchar(20) NOT NULL,
  `password` varchar(32) NOT NULL,
  `imgprofilo` blob
) ENGINE=InnoDB DEFAULT CHARSET=latin1;

--
-- Dump dei dati per la tabella `astrofilo`
--

INSERT INTO `astrofilo` (`mail`, `nome`, `cognome`, `username`, `password`, `imgprofilo`) VALUES
('alfmeg@mail.it', 'Alfredo', 'Stobene', 'StAl', '5f4dcc3b5aa765d61d8327deb882cf99', NULL),
('andr@mag.com', 'Andrea', 'Magnan', 'Scramasax447', '5b756548f7da865ccd329ae1fb4c5825', NULL),
('astrosam@mail.com', 'Samantha', 'Cristoforetti', 'astrosamantha', '5f4dcc3b5aa765d61d8327deb882cf99', NULL),
('fabe@gmail.com', 'Fabrizio', 'Italiano', 'fabrio', '5f4dcc3b5aa765d61d8327deb882cf99', 0x89504e470d0a1a0a0000000d4948445200000080000000800806000000c33e61cb00000e0a694343504943432050726f66696c650000480d85570750544d129ecd4b5a969c61c94bce59e292739220a0e4203927c180241104c9121401498aa808080a889244114111240a2e20a228888282dc43efafffaaaefebbae7ad5dff4ebee376fbea9e969006805dc424202e00080c0a088306b031d8283e311026602a0001650035a8072f3080fd1b6b434855cfe41be8d03d8c1ab3189835ccf2214cb02ccab716bee0a2777b841ed3f04fd65a609833e08008c0019187dfe60f903ecfe071b1ee0e8889008c8c7f9007bf8ba79423804c2e261b6d62408974218e7f3075f3fc0ee7ff0fd031ce5e17310fb1400347d90a75f10009879086b787a857b40af090080628f9030c80777e0af1518180ce5c7ed429878b0169086c4db1100553e00b0fd7fdbfcca0168ec83a614f1b74d681e00163900eeaefe6ddbb4febd3e30e6e7e1de72b2bfd3c1a8750040cdeeef6f0a41f3b908c05ecefefecfabfbfb7b950020a601e80ef0880c8bfaed0b4d1e0e65fc7fe33ffff9ef080444c801a9488007446002e2411b0c061387b9c0f2612fe15cf050f8304211518b144436a1f4508be8648c1466015b4ae148c9423945554aed42c34333832ba035c723f13d7429f4160c9c0ccb8c6d4c99cc1e2c87585959b7d85eb1dfe3a8e03cc715c9edc16345d0e095e613e4e710a013c408ee096d0893896f44464407c57ac51f49744bf648f54b3f9319939d915b91ffaa0857a253165451563551733914aa9ea251a6d9acd5ab3da9b3ae8bd6e3d15733386218635464dc613267863597b338669965f5c0fa832df7615bbb64fb36878f47049d5c9c735c1e1fc3b8dabb35b8ef7a1a78e579cff8f2fa791ebfe23f13c81664159c1ed215ba154e8c708b2c8e1a8da18a35884b8b2727e826969ffc7c5af34c6a526f324851483d9a96945e75ee7ec6e8f985ccf5acdd6c740efd45ae5c629e443eb18050c85ec4544c7f89ae045f4a57c650ce7c99fd0a7705df55a14a912a896aa96b3235b2b5b27532f5720d0ad7956e1c6ad4bd69d4647eebf06de73beecd7e77835a425b43db42ef85b60777f8dff77de0d669df65da4d7aa8d6a3f848e6b178af681fb15f68407850e889c010ff53de67bcc39ccf9947e85fe04719c7385ef2bce21f27be169f909b547aa336a53d6d3063316b377774deef6df442f262eebb2a72f3d29b15a1f7a1ab0fd6a83e3a7daafb0cbe386eb47ce5d83aff1db69dfc83fe67fd9ec9af9dfdfdffe29f08b3839d833d86a3e116f02bf06d843da213298eac4209a0ead00ae87ecc51cc0f6c098526c53bca2c2a35aa65ea3c1a1d9a4fb87ada10bc1a1d966e9cbe81e134a33d93343305f33b961ed64ab654f6e31ce69c0a5c5cdc70ee0f3caf085dbc0d7c05fca705fc050f0b6908f313b1c42f2213a2dd62d7c58b25522523a43ca46d65746595e584e5b915e815918adf94569567555eaaf6abb51eaa572fd7c8d7bca095a19da99349cad62dd42bd5af336835ec339a345e3305662ce65216fa9647ada2ad736d9a6c070e2fda333ab83ade7142389bb9141d9d77e5737375bfe431ea45e9ade613e45be637747c3b8018681f9416dc12b21cc613ee16511bb9122d18e31a9b1fd71bbf99c095a875d2edd499d325675a9346ce2ea78054f634c5749b736119d9e7ab333bb25e5c58c94140fb4129cf3adfbfe06c6159d1cde28797864b264bdf9691cbc99717afcc548c5f1dab1cad7a5e3d7a6da266a676be6ea57ea361e706b291e6266313fb2d9edb8277449ac5ee4ab648b72ab669de3369778076c38907399d355d3ddd530f771e313f96ebb5ee0bedcf19b83138f064e929e219e7b0ca73fb91a81745a3ed6373af30e3d2af1d2692261bdf4c4fa36764675de6cecddf7d3bbfc8f1ee18b966696345f3fd85d585358d8fb5ebec9fcb36a4369f6e9df8aeb183fff16977fcd7c06ffee18002b00031a00ffc402ee88301183fcc181605bb069b8233c22de117e113087e44386200c98b8c434ea2d45015682a74387a0e638c69c30a630b28b014499408ca642a6aaa1c6a76ea6a1a599a073863dc24ed71da3d7c369d20dd3d7a73fa770c718c0c8cf54c24a619e628165a966bac9aace36c81ec08f6120e798ea79c3e5c48ae2bdceadcd33cf1040e4207af33ef3e5f05bf2eff9240baa084e00ba1486116e176a2ab0846a449d4598c4aac433c50824fe2b564b694a93456ba5f2655d6508e5a6e443e4fc15191477149a951395245459556f5b3daf8a136f5428d284d5b2d096d84f6b84e2d294ed7408f596f41bfd120ced0c088c968d1f8b6c919533b330d73710b664bb8e5bad51beb7e9b56dbfac3e57605f6790e798e2547ae39353b0fba2c1e43b80ab999b9c77b547b8e78edfa88f83afaa51d6ff52707d205a9057b869c0dbd1ad6113e1c3113b91cf5217a2d662976326e30fede89ea84c2c48c9389a7824e7b9d714eb2396b9a6c90a295aa9226972e7d4e2243e4bc70a67096f805856ced1ccb8b5eb9b179b9f9370a9e17ae17335d522b712bcd28bb533e7705532171d5aef274555335b986abd6aeaeb07efc3ac70defc6bb4d885bf6b76f3653ddf56c79dcc67b2fa97df1be5927b1dba427e6f1f5bec541eea19867e491d831f5718949efe99df94532f1fdaf75c32da59f8307fcffa977073501ad0840015457ec5e01600bd5e4fc410084de03c0e40a80250d645301b0256f006bb302304c23f8ab7eb002631003aac030d88609c02c6109b01bb0593803dc049e0a1f40e010368862c43c52141981ec46e1502ea8463440dba06bd07b185bcc0d2c05d60bdb43c14b7186824c694c799b8a8b2a9dea3bb517f54b1a3d9a369c28ae9c9681f61c1e868fc37fa50ba65ba3f7a55f66f06158650c62dc648a6506cc192c1c2c35ac4aac036c8e6c1fd81338e8386a38d538c7b88e7303ee221e199e27044f5e186f399f1adf047fac008740a7a0bb104aa85ed8860888b522c622aba2e7c444c55e88c742bbe9a9648294a4d4827489cc6159bcecb05c8ebcad029bc28262bd528cb2b60a4e654ab55e2dfe90b13a9bfaa44691a6a316b7d68a76b34e32c94957598f55efa7feb2c18ce1b8d14be3699365d31d73460b494b0bab30eb3c9bfbb6643b0e7b77876b8eeb4e0ace27a0ba8483ea52a5fb47cf435e99de73be0a7e99c797020c03eb827121b1a14be1e6119d5192d145b1e8b8d8f8cf09ee8953a7ec4f8f251d3e3b9b1290ba979e9d21767e30cb2f9b25672037315fa6805c5470c9ac1459d67239ac42e4ea4255e5358f5ab1ba8f0d1d37726e7adf52bb836d7ede52d616da4ebacff960bdebc9c3864769bdc7fb0d06c586f04fb786c7479a470b5fc68f3b4f9026f7a7b266f8673be6cddf9217a3c9f44bf52baaef9f7c705a5bfe14b8fee18be7c6ec57f3ad96ef9cdb093b933f657693f7467f9f1facc01c248136b006e385d9c32ec006e02838099e0c7f8260443822ca1164a424321af90845877243dd41a3d147d04d180a8c07a60bcb8d4dc4ce53e852d45332502652ae51b9508d521b53f7d068d074e094716db4aab49d78127e88ce866e9ede9ffe07c379465ec656260ba615e65416119627ac416c78b6bbecf6ecbb1c959c069c5fb88ab835b85778b2092a0432ef453e0dbe35fe32010b41b8608b909f30aff02cb1404453644ef4941841ac5f3c44825de2b1649414516a4eba58c64e9641f6955ca9bcbb8284c20fc501a54bca7e2aeaaa78d565b5ce43f9eabe1a8a9a08cd71ad46ed541d4f92beae841eab3e527fdb60d370dde893f196c9ae19da9cc542c852d9cad8dac926d836e970b15d87fdac23fc8888939973b84be9d1be631b6efceeb61e699e7dde281f53df22bf557f5240751055705cc87a987bf848a461545b8c706c513ced89a484cd9381a716cf3825bd49764979971698be9d919149c86acbb6ca59cc8dc9a728b8542458dc56a25bfab2dce5f25a457425a22aef1a7f4d4b9d41fd9bebd18dcc379b6f59ddde6dae68316c5dbb57d0a1747fbe33a59bf870e851582f5b5fd780f713eaa1f6673ed06da27f34e6a5e4aba5d71993c26f1e4cdbcebc9f4b784bbf50fd4e81dcbdacb3726f55fa43c9daee27bbf59b9ff736743753be766d6d7ce7dbb6dc89fd71f967efeeca2fec6ffe45a19be330c47d2c6c0c2e0f2f455021a2100b481b641f4a0bf500ad8e7e8831c14c62fd29e01465949a94cb54f9d42634489a1edc695a7d3c0d7e92ae8efe04830da30c133dd337e8cef092b597ad85bd9aa390338deb0477208f2bc186d7984f935f594041505e484e58894812511715116316c749504862a5e8a40932cab2d672d1f2650acf14f795e5548eab56aacda9b36a2843277eb4f6259d6ed2aa1e83be8a81bb61ba5183f133935533a439c142ded2d0cac1dacb26cc36f170b2dd45fb2b0e8d8e5d47469ce69d378f628ff1b82abb39b8c778947a0e41a7bc826f945fa73f75804fe040b04c485d9874f8dd4883a817314eb12bf10909148945a7c44eb727999e5d4c3991c6947e3dc3e8fc72d6d96cde9c3bb986791305de859f8a4f94c04bcf97535dcead60b87ab18aa9fa520d476d453d5f43c30dd5c6c126bb5b8b77029bbfb444b67ebf97d0feed7ef483ef5dfeddef7aec1f3defd5e96b1e1018bc38047f1afd6cf1b91dc499e258dd2beef1f8d7272762267ddf384c194e2bcd08ced2cfeecf7d9c9f7e3bb4d0b478f15d28d962496419befc7ca5e8bdcb2af7eacc878235f3b5bd8fb59fac3e7d5ecffa4cfcdcfec5f4cbd486e7c6c7cdc8cdadaf915fb7b682b7de7eb3f9d6f75df1fbd56ddc76fc3679c770a7e107ee47e88fe19fc49f677e4eef2aee66eebedd93df4bdb9bfa25f56b70dff380ff3f3dd241fd004ca4e080e0308229499740720bf0730f738bf082faa43fc20448201804404f1820005368a40b691270836c7ec01db2ba8108e0057e07fccf4c7f65fcff3ac22b06ead900200587c486f9f9f84610b4a1eed38b6014e421294e90959656fedf39fef479073e683c00a57107a8876c71ea40ffa7fc0b193dd69ff53d666300004000494441547801edbd699066d9799079be3df7a52aabaaabaa177575b724cb764bb2d4460b48a80d78c1460883316609c08c270839586c1898187e4030e1186206fe30311e0fc11a046164080bd946423642bb2524cbb6ac05abd56bed559959b9677efb3ccf7beec9ca925b5d55ddd5ddd5ea3e99f73be79ef53def76deb3dc7b6be3f138bde25ebe18a8bf7cbbfe4acfc5c02b0cf032e7835718e01506789963e065defd5734c02b0cf032c7c0cbbcfbaf68805718e0658e819779f79bdfeafdafd56acdef9c4fb38dc989f9e17834db1837666bb5f1d47838ee94bed71ab5ee785cdb19d6869b8d5a7d73b8bbb7fe3beb699345b241c9f3adead7be9556021f5ca82dd69bad0746f5c6eb9ab5f177d4c6e9b5a9964eb0dc710ca2cfd4526d0a4236ebb5946a5ce9c022689d08e207e4d921b845f245729cc3ffdab836fef2288dbf344cad473e7d7a7df55b89195ed20cf0fa3b6ad3e3f1e4838df1f86108f5fb21e077409c9375a85987f21299ffcabf7a2fb10bed9b646835ea70056c929920cab8426e1eaf113783e1780c139c1ba5daef8c47e34f0e47b58f5c196c7ef1b72f8cb7c9f292752f390690e8b571e7edd0eb3d8d547b1815ff40b37195e08512125e8292140ca0d497b0446d123f01d53b109f7fd9450d1097e9c3d138330037c10030c16894c324a52e19b87d64341afd1abcf1fecbdded4fbf1499e125c300dfb9d4f9b676a3fe23d0ed4f43bc6f6bd691f1209844cec4f6be10526267828f43a2930484640d883b05e1a75ab5d4a20e896fbe2cfd5644042582090849f4016521f23e03f4e1800197715ebd21fe68f4d5d1b8f6befe68f4be5f7b72f32b147d49b8db9e011e3cda7a473335ff2a74f9a176bd3edd404c1dc433d10e124fb2e1944b2e3a0671eba9d56ea75667224d4dcfa4858585b4b4309be66766529bf8c240927bb0b79706ddddb4bbb591f6b636d3deee6eea723fe80f82c863069571ad91b40ad50e324030c60166306eb73fdac6fbe5411afdec871fdffcd8edce05b72d03bc7e69f2e17a7dfcb790ccef45f2eb125cc2974ba947fd23d1a8ea216481e013939369f1c8b174f4e4dde98e7beee5ba2f1dbee3449a5d584cb3b3b3697a6a3a184269afa9ef0fb831a28e3a4f7d18a1b7b793ba30c2f69595b47cf689b4fcd4e369f5dc9369f5c2d9b4b9b6967a83219a8201a8d108e6e8a2017ac3515c03f84f06e17e84a6f8707f30fabf3e7266ebbf1e68eab60ade760cf0e091f69b1aa9fef720d0bb5b502a131e4986e207257f3ce88716583cbc94eebaff35e9d477bc219d7add83e9e85df7a4c9e9b9d46c35432320b76c79320cc020cc04aed9fe940554f5075d0c18c15c1a064a3d978cd1db4b5babcbe9c263bf9b4e7fe5b7d299dffd525a39fb54688a3e9aa137aea53234a809180a8211f6e00698e20383c1e81f7ee2dcf66f1c6ceb7608df360cf0fa3b668fd647fdff159aff04449f52429572c7e942f81aaa5d699f419a1f80e06f78fb1f4caf7efd9b42ea1bcd16841ac6a54a2f1a43412f76811a43a2873300f5f719a00a6bfac12bfe463668b99faf062c75a4dea8eece76baf8c423e96b9fff74faddcf7d2a5d3cf354b60bd00c6a81a2110a5370bf83a2f867a341ed673e7561f352547e1bfcdc160cf0d0d1a93f59ab8f7f468b5e099468858032403d8d527d34484b478fa537befd5de9bbffd0f7a793f7de9f9a107da4fa47daa06d65c567834e62873947bcb40e4688b07799f05af7960b8207d173fc3e03ecc7554c11f7925f073335d032c0b7b37e253df285cfa4cffdda2fa747bff2a5d4edf7e9402b18a2cfd02013682cfac7e8f1c8603cfcdf3e7166e717723d2feeef8bca006f3e39b7d44ec3ff03a9ff7189858404a1947809df520b0ffbe908847fdbf7bd3bbdf95ddf1b63ba041fc110cef599f367e24a1071c94f10db7bc3555ca4e56463428a25740e6bc55771392ac75704570bb8605665afca1897e36db4de6aa55e772f3df6a5df4c9ffca5ff90bef65b9f8701d058f566f8d6afd1683d31440c47ffa236aaffdd8f9fdfbc7ca0c9173cf8a231c0771d9d7cc764abfeff3017ff76a55dc34ca7afa55f87f0b358eb0f3dfc7de9f7ffe00fa72327ee44da878ce54a7b45747dca544583012cef656dc617c25b7790b0a26221a6be84541bc880ba12177e4576f3542c96eb311f71d6597cb3b212c9cca197bef2b94fa74fbcffe7d3938f7c1526c0580452ecc220be0c205361277c793418bef7e3e7773f160dbf083f2f0a033c747cfabd48f73f9a6e36a631f4428acb381f061b63f9030f7e57fa237fe62fa7bb5ff3ba3c19274ebb201357bf1038c7c53d08ccf1995486a54e30013f227dc40f5e5cf1437cdc93cf74c3e1736fc9c25cc6473df83aef7585f8fb7ea5496484dd9dadf4b9fff281f4890fbc2f6d6caca711dac035030dc4cc0432cf78a73faefd9d8f9fdefcbf738d2fecef0bca00df51abb5678e4ffe9f938dfa5f6bb318e36a9cd29ec77b1665c6c334353591def1ee1f4d6ff9fef7a476a713529fa55a82176267c2443cf8ba3ade07c960824c9e830433ecf44c4997c05293ce079145b951de65425e2d59089df3e4f86be3724a661e52f8b78d3264d49bed74e6ebff23fd977ff3ff621f7c318db00d820918139c3e3248043cc3e1e89fae2eeefcad2f7d69dcb3c617cabd600cf0ae7b1717faddde3f87f07f222fbf16c25f55f9478e9f4c3ff097de9beec7b24f834156e107881e0447e787daafa433ec00082e6994d6f0094b24896040c2eabc9738ba92cf4064cb5923a769632bd337bb79f83186012808562557359bd3bc9998417cca6566a32433875d660d1f7bdfbf4e9ffdd55f49483c175d4413f4e09cbe8c405998e01747cdd68f7fe2c9b52bb9c6e7fff7056100a778b3cdf1cf4f35eaef62dd3e10d8c69f601db6c9351ef4d23daf7e5dfac1ffe96fa4a38ef5103fec808af899b0487fa52df27d56f7c506509a2590970457da8301bc278dffb0c44dcfc30481e248e33f3489f9a212d36ca8bab776a51c0d6f4224e99b5c5c093bcc14e2ebdbfe10a2cb549ffff007d287fffdbf4edbbd3e70601790e670e0b4d1bc68878f92f4a39fb9b8e56ee4f3ee9e770678f391e9e39d76fa8f53cdc65b25ba84d52276ec7718d0ca7f0d12ffc7feca5f4f33f30b6018730944a9d643b5932f0f01fa992659ead5042cec648a4b6590c5c57f6cd3701fc4c29700225923cfec924d7996be71ef4fc4e708d32221ff10ce19820972c6a8a12a0d61abece4cf50d036edc52c80b62d2d430653369be9b73ff191f4817ff5b3a98fb1e836964382c477ba18f6c170f499613dfdf0279fda3e6773cfa77b5e19e0bb8ecf1e619af79f66db8db7c6ba7c5030cff19de649fc573ff8c6f4ee9ff89b69068b5f0b3f235b8c5e95f86227643214c9af56f5405c267c857aefb9243af8cce33ce1cc0025ef552d10cc16180eb247f3325e868304c2712f192b46d00fb21ef033910a0308820c97e1109e6000fad76395483be08b9ffe68fac0bffcd954633aeb5a821aa06802f37687e9d759e2f8e3cff7a2d1f3c6006f395c9b1bb7277fb1d3ac3f9ce7f4ceed2bc2e2d591f4bb58ccf9919ffc5f58ab5fd89fde7122271b8620a5ccf10b91c06348bc6b71410b190664f9e710104477ee4d38542f619a8afb4210efcbb021d1bc97f457699bc312bd1059384a4e01506a6525978aa385285cd561391283d5f4815146109ed86b40daf7580d6ab06ef0dfffeb87d287feddbf60186c449fcbeaa176410e8fff1bb6c37b3ebf3a5eb7b9e7c33d2f47c2de5cabb5c647267eae5dab3d0c0dd84153558320b1a2588294a5c387d2f7fff99f4813ecd275bb5dd233c1990a40204924fa739cc48d7b7c712d31bd778d3ec236429cc816c94a90fe3e23c82814c9f25991927a0a23c45053314110de4684974b28382f467b682c881f50a9bdf619816344424a9c074b08e2e2c71242197008ab30d681a509db0c59347ad33bbe276daf5c4c9ffdf02f338cb402471d980124c510c24ed7bbea53d3ff1ff8fc739f1f8f595ebcf5ee796180f1d1ceff8eb4ff68201644e5859e0af1e0a8c5c2c81ffa933f16ab7a3d892f32eb19c9228c157d10a0bdc0dcbf4266967ad02f3140669042a21396d823348a0896b962ac358e7b97628d775551821b477371099f5005bd83a0391c9006f153daa3daed013b8d54d061fc26087cda2f40940b861ff7631900b2576537fb230c5d6d17ea05ae3a6d6b17e80f99f28efa435638ff78da3aff54fa3a4bc87b6c2a716e31e071d823e8a6e38fa43ba79f02d0bf7debc9cfc1985b5de9771d9bfcf3cd5afd6f8b04e7f9aafd7c69f1d32976f1def4b687d303dff946b65d77213208d342566a21fc20c284a08dc40f590261123c146f45e850be15f1f7a58b3ce613c9123e167d2438712d0c4e09ef113025537eb36ee36cbf06b265d4605a7c8af89f1ac0e5d5eba6b4dbedc5ac650246e8d4a50e5058d63ed09e3b87c100dcc7da0635f4e19898f6da072ea5bf4e63c2b4c3ca660b467afb0ffda9b475e96c5adfdc4abb43f0c6309161cbb60b3b1e3ffdce3b677ee76367b6fecdada61730d9cd5be31e3ada7e63addefc08ab7a0bb19eef342f1840e9a163b4b570f8707acffffc5369660e8b9f5e06d241986c1f925211410448077d25380c444422880d819d2d04ec4a16c86c72497c5d21bec4b602bd49980f1e20ac4692f0b6977ddbd1e98556a8886f6d4a7c170630d559449c1fa45f3d409864cbd969ec880a8442869001f4c34e20def15fa7a7f6096310f85d16deee0d02d636f6c0973ff6a1f45bbff64b894d6eb4ce28eda01df477311a5d276076b0c6d982eff9f8d9ed2f4485b7e8e7966980d71ea9cd72f6fae7d8b75f507d717a271b7320410d10f7a8bd37beed9d107f8eb97e2f35449e8803190e03aa54c918e32b1d2485fbace625bc4ce096afc8ab71895557fd6404a79812d8b0710e231de224765e7194d9c49ae9103ffc4cf488a51cffc4e6386a0f82c9a0535ceb10cbb4197700c9d89530428fda57f225b8e1382822e4dcdb1fff24bc7507834623f483be4c00e780fe6c6ef7d39d0f3e94ce7ee937d2f2a58b59930807e575b217102fd49ae39fc3b8fe9ecfac8c3722e116fcdc320698a977fe3e887e4870b5e445b2c8e3344f1ce610e14b9cd679d5eb5ecfd1abbd48032d741254dbd14064ee3467f4a925bb32beb34a461ec779543be150a7e0d9b19de37da945f606e5b254532ff1129ce6c317f9a689d4cc6699d8c2e050a18b367330caa8414c9766538c193dd320986c3b4be5b2595db82ac997ad8249e98bc38264dbffa36c8cef5456a73d19b8415f3af4bfc774d8636ba7def0dd69e3573f104c24238fc549f8c0415e12de3c393dfd0f08fc4dae5be26e0903bce1c8e4bb98eefd24f80f244a4faf1807c17a6cf4403c89df727d9f0510292492d4165ad0212da5a0b528c5d17908c458e925f1455c4839e89fa0dc0459251407b4b2548368358ec497447b8ec17089f7d2ca53410449c98e26a2be188a480869354966d2e38f9661327c547193fc329ae4d827ae04c52618b17a3396cbc658f2234a07b3055b506f8647f8655e1947466ed1279e5641cdf7d21da75e93e6160ea5b5f5b5101c17b48630419e46d21bdaa56fef7de79db3bff4b1339b1f0184e7ec9e330384eaaf4ffe1324be2d42f2dc3d4bbf469f1208eed8d8994cc7eebd0fc36f2f138ae98e277b959e51102c234ff24820260120b232e454f7489ef7600102a0f2292af13b20b91de595b74c146a229f61ac78c6d23a889b6be7f37b32814e8630689e300809f46016ef1d3a24589effcb5c515d9aa6511928ffe5b68436ee01d89046e138b49a79013262afb6530cd66004fb054035fa5683c1db13e0e855f7a59d2f7e9eb6f3c923c008a614ee218070df1a3546ff98a1e09db7622878ce0c30559b7c2f347c03708634c7784b38a41ee28006a01ea5c563c7d3c4cc1c872eb1fc5df8b0d3ce7929ac1618e18f41a2f95504765c4909a287cacc0c20e1a6f99946efb7a11c4f00c5186f01cb99ae536a0cce3136ec315eab40248755ea4cf3beb467b823385422f147d42be1abea90f04ce0126135595b90c3fc244878994d9b60540d6d99a1d51868108858b37219d91b1900d8044e06b08523779f4ae7befadb914fe91fd1c72152e42aa1cce5f4183beb0d53d3533f09083fc3f59cdc7362800717264f353be9a763cc0641fc6726202003788950317ae88e93d1418f7005c78f9048a51ac2ab266221c8bc9411d9815570e59c59a9d11690d833e49d8d33fde210b492d5715da34c045ad46a24b4cce08653072608c9a356aa887409aeda6f8160cb134de9683e3269f1c72c82b87016ac9c757be75014534861364e02590bc40fa390b033849c390a64a2838fb11c09fc4e1fd50675c3d431bb78384db32c3edcdc8ca16c087e460e110c29ee15c4661a5345ecac9ffa03774cfefc272eec3e56e07a36fe73620006b0bf03204b4a7019ef63ce0fd2636ca7ef12a4cebc79010310d31f64d07110c3c399210035f2d66006893e9619a4a8fadf7f1012a401d12d90ca6e629a01620da750db2a71f2f7dc5b8d9cdedb2685092868037e8421e7a86604a42af91a8fa6e5547d335a41457cd3f6a95da55b13ff2669787a03ed7099f83296920ad9000de873f6dc17094fe66046081fab956a822a93dac13310d3f38b697b7343226782a3096454715c2e8cebc3a356f3efd2dc4fd8fab375c2fbacdc83873adf8984ff5991ada4e769589ef74738e235be6aa963a758f20d3d2cb6208ad672cced91041787461ea4c41aaea1213cf95bf33c800ce36609d73490ce41fc26e58694098d0072390b1c36813682692eb5aa35bcf2b431233cec06386a12444ea0db3bf82ec8646a52911c552e297cf00a4e24aeca1f862471ce60247b6e93f57d98db3d0e7db55c0a6d07fcfaf48db362555f7b24716f9e0a0fd9386466002edd15559058230adf23f13ec6368d1d939f63ac66598dda8fbde3ae99079f1501ab42cf5a03b0b2f653ac704dcb006ef664ce54a2b2da2f5a41832c9ecee1491c976b83e39404028e674a3e2402b96e13e77be3723d990e31ae431c252e6fb1125058f9c9633e9213519e31a03e906a3e9f0cb07da5dd8522f6262a89cfe5f93de0a850424b7bc53b9c7011304e57fc08573766e1d25e886d680a28d016d4374d1862aa19ea1ea8814d5e8be6cc4b46ffb4791c52dc1fc94bc80dea74c18b9900f81a5268827129861af2c17ed354f553d4f017b99e957b560cf0e052e7b593adc60f43a798e3cba1328044d30fee958309036e3c86655aa87f3aac86279afc1a7e06c5067989ef9368bde68fb119a4c8343358c5b1b45b849648f367e29adf319d9a102a975e5d0c92398cb7931ae4e60f27654c887bc2ba9258f2e4d880b304aff52967d1b8725838bdd40bba98ef7b0fc3ab8172767e497688709551c6b1120d4ac3cef7a7273aac3236b06bf29085de08211144854d9b60009ebc9842fff05b4fccfea35f3fb7f9d5a8ea267f9e1503b41b8d1f67656f5629cf5bbd6a003ac3fd241c9a87803c7e0d355800da8e69f0d85998970e6927700fc6ec3c51613049748f4f8b48e338351ad33c25b8c7942e3315691485cee4cb5a40e4958520570bd5084ea44c0f51137bd41b4ee20b8471fc8733cd7b9dd90c96fc25eea06f3832ea55f556514ab2eb125661dfecb56185c14068a52862bfabbe831fabb19c1b4b2ea0b5611c0f08ba35bc17760ee99607ce6c6033bd6ed466a6dbe9af90eda7b96eda89e79b72f7cfd68e02c49f115702912f35018b328c535370ae1268074aba1d56d455915e59d539fea1de9cfe68118b00083764ecf74898e37c7ed20789804ddb507c22860167032ca07039f6ba9a962f884d583bc0cb859b381caa9ef5222eae2002f7a18325cd814bf5e1b28fdc657cf12deb7df14b587bc62bfa671bb91dfb97ed02d9fc4058b8b8025eeab01fb139445cd843c5070fe2d06a779cc2e27b46202f080121f51b278bf907f3ffe85b8ecd6065dfbcbb690d303739f1831ce53ae9228eaa5ea997235d8c11e8a2fe853f8023a01134c4c8db975eca46ef2817ab7a72139d32bfbea9b1c44b9d1a4a0357f3984988ec5095e4b71d938908dfe991e50225c6ef5f604a279d8c53f24b62b4cbed4147fbd768829266bcaef2222c6359ef35ee6a3e0d515d54c98f3c97c33421dc71afb630cc8d1a924e8cd87a5433681bf1b4716c08b939e4f8ef5470177cb8e125238803707162b25dff419afae7d1e04dfc88b31b76a8e72652fd6361f05152c25b41101d02b88296a51ee9278ddb6010adfbd229a50893864ed3bd4af225b2f360a5a10d52955e7d09ee6a9f08ea706fba56bff175a4d5fb1abe7529715ae7419122b9e11bc715125fa5933fb482feefb9c8435dd748bb79228eb4d24694a3b86d5c1357b5018cb6ab0650e2f3cc244bba7007ccf84553e47bca52aed1df0b3c2a54d6c1cb28028f1e23cf0b42d99e083e2647b6bbc63f267db8bd29775305be6db1fd5a04fa2d415808ac004970b580d25f3480f70215cba6f4c9e7fac67bdba931330dae32e7e7aee5b1d25d3c175d5cded5451a9cae7660f32dcdbbff4ea407261594184b9564ec8bd8f1c3288a044b0a5438e3aa60f14c13a95e41543c83255f097b6f58b79f46c070b922b1cab01f57e591f655929ef016698f954062648830faaab46060182586c9dd4df08ae684b91432d5bd2e0ebae07baba6cbe8e20e5841ff5bbffbe8f4b793f4db5c37ec6e8a0118dfbf8fb17d5a434dfc840620acb4cb08d919268d1bf3c51081940e36d7527de908f172bd2841d229a3aacff99de6e58d0feb91212649589aa8b3978f3a445bb8f267bdb6a785ed481282466cc3027247b8024b75ab6714e55887c6aff2956cc52fd90fde1b8eecfc5ce397ccfa557d7ac250dde6b0b86278233e2ba19ca8b1e75a465620a4914786a8f7bb69b8bd9917c6c8aa5da526d8c60894afc2a824602d762753421cd627a7dac3ef23faa618407cde9083981eaaf9a399e8000a504ab9740f22538b6965087026105a01c2b05398fa1bcb5985837c994055ae5a774f5ce99ea42217698cd737ce61a01d88a1f30c13315420257928d01fa7f51d861787123941354d1c37f92af7623ee2f1635820bdf825efbe5f1981914ed8f86bf25287f5c655c2fa553838f240ba7093966724b9efc2aad197e314088637ee5deaae21fde3ee0e38cada0d346426009f123f1f1d577c2a9b89746950e1fe7ba5135137ec6e58039c9aeddccb02cd1bad396c00888dda0929764800de0024af0964a6907365849aab3e5b68003ae6beb712611d12b94392e5ad2b660b20872365dc8fd98387fb457ed08032e0d8b97e8b1ae2811290b6888668b8472b41747ad41500e9e94255904720c32b7ea4e61fe38b9398baf0f8d94f335cddecc7998f1bdb2dbe054c2f79aab004973f24645443386c03b24a7cb78346572ec1f41878e04ea2f21f78cd5565ad51aaa5d8be331f82f8c6371ce9bc8ac847f613ae13b8610698ebd41e4245cdd34ee1b690f618ef01361b7d5921097821beeb04a1b207a8b6b54ba975fc6e0809c74324f68f633dde6140c276b16e956e8f6f597e9a06071ca12698694ab99a42c9ddc6ee20cd4ee6d339da029149e07481706ed4a93a575c4c134b0c1d7153ee4dd7797f0d66ab7c7a412d33e10c471df936178c842aa2aac47c51f6dae83c2dcc53ba9cae76a071f2d654ff6b17616eb6ca89f065566ad138404a7de235b6a8310ab40be46bcb098e9847fb2ecc369bbf8fd85bcf0010faed12db719df6c2154d1080d187b89719b8cc5be29da2b590eadee5b3a979f40ed259d3a61625b945650d24412651ad89e00ef1ac31334b70b50ca6204dcde2382a633863e8105639084f4c9f64113929440cf0c817c411d88c21ea368e3cfa7260e908b1e1ca7df8d58d5eb9023eef89a892f7cb796f3b254d1ff8be319f46a07df6106c565ad59c1efc2820758c65b51bc766d23cfbd333acab34eb4ca1e98f3380e247f5dcdb7dc3fae2bfddacbd9556ff6dc075033f37a40140f2f443c726796233d017b895b8223f34807e1576ec12cdde0b6c592f50ada79d8d3458bb9c260e1d61cc83f359ca8c72e6a79402ebae970872ef44551904af3ae73c387a4a3e870e1f208dc6088aed2e27353b6885c0bac8e7bd9fe12a2f082f83507f188339f5da5fd3bcfc29e1f0abfb2a699fd0fbf7b948c4439828ab2f1cc571abca9760f6d1fec93482a79932ba7c86b04456ea33fe66dc00e2bee58923184321e951400d60d5a2e1a04343bce90ee875617c632fb0bc21063835974e40f05341542431241c20a4877161c9035c30031069dd134d9a82a626c80267fedea5d36cebcdc7d66f830c4a7f300de56400a59cf7e8549d433a60122b70f1637397a3d42c8cdcb9380182c140713684abfbf6ae6bd4bd915c661520ebd209b0e54b7c8e0d62449cf545f5fc58a484c3afee4b79e3f62f02860b03ece7a9e2235f0e5b6d1d2a9ac52371ddb56504643dd47f5ef5cbd5c8f44e753dd7e09942f74a1426f643b9d7a8cc7db26a1d3dbbff8ed9ce49825f8b88ebfcdc10034c363ba7a0c16171688345ba632620e1481467fb760061c15217487c19a22c0dd77636537ff95c6a2d1dcfa005e4101cda59bf737d670d45338850819ca08ec7b6bbc1508842e6284fd3886cb50b1ee7e7110d32dba800e85b7ff18d53fdab7b354c75a61baf2b3ec9e18a6f9e83d2bc4fd82adef492e7e97c13adcb347ea238e1d820021e0fc9f62f3f059812174b3fb239e6d327fa96d7585c10cac3a18635f30856032bf0c947b1a81e9a1ce2150ba7a8e2d631004cf86ac660260199a0123c6b01ee0124e34da0ec61be0f66215f610c875cc36ef576b105da93d3a9313995a7e59431cdf1de2d5bc7c91e8cc08b24e4e838d2c54981b488b51fc3004bcbbb5d560d6514b164ef25503466b8508e3434466e988aa82fa45fe03235f032ccd109835e075dc4f113f1fc1446887b327a6fd82bd20edc5bf73ee1afe655cb09725c343cb874268d382ae76020884e6a02bf949d6575ecd044336df5b231ec9e8bcd28fd3a17cbc2e7278664f693dbadfaabb9fd50245ce7e7ba1a804a1bbccfe75e255262642e854812cacaaffe44538263dafe300181d414194cb3738fb8f72f9e4ef5e3f7a466bb194c64e59ed0e948d0dc436a7253a916073bcf31df778ffce40cd35c86fe3684f5e0641f7fc496591efb798863a397dae411b93150ea073f50af03ad08534be84cf39271f41d58650eaf0ab19980c49b1e04ae7cef75c6192e9771962df1faba6004c3608074873ec3f5cd2ba9b6b5123813bf66d71704512183f37435dbc3f578508422e4e1141443812399db07d1041d2689aec844f553d20de6283d25e5e9dd3332009558a74c77773000c00461695820c301b0868939230fbe8097b1c93cb9db395e60dde21cf3fe9c118f43b58f9d884eaacd1deb6c52fcb5f971fbd867e79dffcf62041dea34592422231aa0e11c92d7f96324e7e1c057fbd35d1ed6418310d6d918d9320004d4ad45f56b904884587f262cf1cdcf3f9dccbee120a63e97e97111ce94c8e9255ff8251fbe658db39d087b4f5b110643dded345a3d1fb87281b2010c7946abb0918fc26675089009dc19d4c6196828836441b67a61b289607a8a21a477718b32adedc10491c56c4fe79e91012c30e7bb95533a2181054a69ce38b0de4ab2ab2604394fe7ec339174566dec095b6d3319c47809aad4f5591edec4009a3f7c24d4b9045cdbe391290637996a867df16d0c3bb5c232f3fe264b24b3bc6d82f9104dd39a97fdd3061061e4a97bde6bc0bd4016638fd47062c9a335022a3348e800d07b127ddecba3c1eae12014f1a617a2711bf50abfedda8661ebf5bee49332ba921e794c272e92c05b6f378d56ce838bbcd1d3a0ef5911414ceaf2cf699f6e0626753ab852635715e26701b3fbe053aa8b0afec46d4647ed04749be4f1a1bda8e0197eaec7006e2ff1d6cefa214111dfb6e091243b629c80c609d820488e33c1ac3a7161471cfb7dc6cd695d4be91378d2f6f8fe822b646d9e1994b936bbfd747ab31b349e0223731064938c9eaa997367a84cfdfad42126d400a107f1ed8d8b038c97210e1eaa13489d0045981f1bb6acf9c4ba1734df5f942804347f094be470441a1f0427605d25cdf87d66305ca5473c3ffa003276bb77fd32b300341570b8af21f10449fcc8a3216cdc2b382e90691c9b1e04a60e71a5732dc5b8985246ed51e5a199c934bdb19bd6888a56cdfb74eeba0c30c5e92476f5666d44679f0299fc08421e7372581cea844d5b41226bace49128588578e7b29694717255bd8d2b691bf11fce2dc622cf0c15ada105f668ac49613b77ff5c8723e114ab9016dd2a521a0d92162204803284191cf3054a891693362b85f4d13c9126101259e9d7f17ab78c33e20b01cd4396fdfb2a6b948b3c16c499a7e4dbf70958bff736cc3b876b307d1c7c0dcda5a457c52c6e562ec77e2f9f1eda0217ee0138146ca3a94c97413cf15cf8536da06d216e696516bb71323768bbdfdc5d9701781d2b5fe5a8b96c6fc5fbfd132702a84d50e2ed23b7417ce3bc74021f7b02c4845a23a39d915ed628bd86d8049776bb69b5369da619eb25bcdb9f5b0c014750eb27a6e8b29c2421a311cb42440129049121bcb16283e6374d5f6739ef0ba398278863fe00ca082e9c84e53fe2add7fb122705ac27e20ee435bf2edac4b763c64539eae0f5f32e86094fa86f0946ba6044956437ab03609168e33d12262e429392b72056d0f37091a3143aefa9af33d1684d8379ab7e46777d06a88f27a9c5c5a8c0b5b5edd70a00e1882039b8d27bf15c9cc4b7775aae417c128d338bcfed390cbbe62de09398f3e39d3d8c9d9978854aac9bd3a97954798fa773b16858ff57ad5bda8bba054c673b1256fb4f91b262a715324895258861d92028840e1b807212cc61c9789f009570a6d9066d4639b16d7cc4e1d95ef48db02ec2e6b50cf75efbf603e5784d1c6f98cee9c0e45270f09e6571940a509561abd224b1e9c01f69e67581c8a1c2bc56af7d179a763f5ceaa9b198d84403dc0206a02586254c675a148858caa441b952e90f47bc0089eb2a8630ea1f048833e3f39bb038df873123b17de6de3f1737dcf717ff534a3ebb3d9bfdadb4396c63e94fa065507bbc376dc0eaa05321113c84713c3e1dab044a77562519883d38c0d77a98d7a74864102b979e85a8022d2dcd6b9c1d13728717c304e3248a01a9e12535747a6aa188236cfe4832ae4a9709c211a7cdc2fa3e6f8aa8e2f65322e0da87c52c61953164e2ab217d3f80441797a579797b3f1f65c81abffad62149d0c98dd668ec58560021f8f4eeba1ac0ad082a8c8a0a1079114202cbad19849c03bc999b3f892be04eed3ca36f47a4410829e17cc62daff879e4690e82996795d763f92cdf62bb97aeb0f25767fbd833be6db6b97d16d043a3ab1bf9b532875d121632c7d25c7146b4b6024c0317311a828765269ee63b82504870da89fb209e50e1c45cee4a661a570ba58c79eda361d395ea288cefbd69faba48f787ba3ca3e053d05e9611410581e450725dda354ad074e24c02071370afc6f405113ef666585c179c1bb6ac1ac1ff5287f5d8146f9b110b07a34dfa3deeba0c00181472eb26d7a6cf17b4b0955cbdb31319606b369cc7290e7c20795943b868c1ca9e44662eabf028fdaa36f34ab749148c42ea54cf7c5be8bfc38cfb3e93df19ed71406290063dfac36b57bb48ad8748a6ddf4713e491dd1b0bd16d141381e0b67e188cf8c30bd143f2c166df2ee0dad48a779965143e8ec19fffb5bca116f9d10d07c5ea6173f98c682b41765ab74a3221f30f8d48f4f3a05d6aabc260aa37970414cc256abd3537022cc8dd27f85be6e20105d60a1d6d00a3ecd24a3e882d0689b726f5cae2753cd2cc63d93bb2e03c0bf43e91c95509d35da48c65be6ca38b4482699c25d2c977225743eea9ca77b8551321713472d8645c02a1d5d8039ce6cf5d22204722ae4e6cf02e11908e232e8c490292d0c32c55470974217d776d3a1319a8174dfdb0f3721f1221e508d0351835d18118de1583984a91a5b72031a619b5e4de1bbc21118a357ce14e4091948152e60a64188f0a5809d8e8e89059c58c988c027436c46398c54652c6f7a38caec870912979bc838f05ec9b766b5e81eb31205c76df01102526768348fb8c923178407a9a10188df274c0e0f7b4381891e19f34ddd7519603cac81ad31d644ee74313aacb1487c8ceff4d9b15c1525fed6905a4bcc29823889ed3a0013d7e8b8f9d4ba6a013bdee7b2bcd27f62ba150f84a8290e91e95573edd82317c9630e96ac6f0d3014c76991ba6af37c0054c9b75dd4be1a2275d93d631ea40de09982d12e83c812f926a1b079cdb307b3ec92c761219481750090c0ebae5228eace4013290308b8e227a191d0ac89320c21aa962dce705cfcd047eb715eaf8be8ca17356a456ad927b48b6aa125698f248e8873b692549b1664b78da3df6844f11bbc493c35f4213f74bbbebb1e03b8f76c45b1a2a424e595c58c248112073ab936ab74bb9555989b39f19a3620b6ef7650ae8e2d5f22ac45f5e550a2c43b6428f16e7daa55b6900235c331660176da9f75b4c03a8b457318932d977fdd191408ca7b6eb01f63af874a986ac1046aa32653c8387f267a77584dc3b618a2316a5becb3bba44c1b310639ac485c2f3b67570c0bbc126e3b865daf75da681ed580b246d27e1982e14cbec689070d5f9ef481e2129d9aa2b8785128421848b0a8c380e3bf67029c4607fe2c84cbc36baec3cc39b6f8b5bd5e086e647dc69feb32004fb1b211d7e1986aee9f7d565b862aa733aeb5487cf1246c72a169e229c765020bb00ca281e7b81fcbc2918f8cdcfb3246b5b85ac277e6e8ac67a15b47489b3c1d84c1089d7267737b8ef1615d43902163fed9b56e2056a69961381a23e97c750a6c517093292643499f19c2ca563f9d8711aceee46e3f1d42c3d46759623ec1d41970b050f9a15c718a9bc38c0ce0a593e8573b99c32220e228603d19d81c8e7be3e4351941c3ee2a0358d49a8d1387da424e93dd15f519c07d57d5e342905dcbcf42a09f6db772ac9a6e76fd6ac50db8eb31c078b7c782dc68b4eadb3c6c430eb5f1688e1fe34a7cd600a85ce21c2acce32567ebcae287dd89a82a83ebd9eef4d9a16d30b0c51168670f873004458c95c80cee03cd21d54a8570c0e61890aabf94ceb30b781ac2fa6c629cb2a5906708a4932f79b4cd1d18629d2146cbdab77ed996feef5b68636c52b9eadccd2197882d106df323102ed6334ddde77413836a66227309cbf53a912260267be955122da13d1f61b1f2ac43d6aeb9887db5a85974f1241011e2341e77238e60d45bb566b67d071daeecf4126f362c2def27fd9ec07519003612c64bda00d9e0a04980b3613ba21318019601ecab69125067670cb9765d0970e4f1ad5f96b78cce2562a59c5070bff8e4531a69a705c1c8eb2b5465241e4d4af330c13252baccd8be4046670f6e17fb464fd5a4cebadd44128ecba44b105336608075086d9daad81318822d348c338d1aaf6be36d1616cf155820eaa3ef2bbb284286a2193445e970a49b87d6881bd3d680713a56cd64005de515df7e390478a023abfcc23baa78c678aad2a6f29a44734dd3ffbc869287488d42f38857ab16b7868221ae3677919ea8c64aeb049fde5d970118fc070070a1d4a5e47962358ca5004275960929773a34fa4e40dd418331f2504e5c09ad0b208e836ef2c85c3e28d98609142035852f77b273e6f195ab7348a6a7636c4cde726b54e6913b95e49012d26c5f43d23cebacea698764e4385c55e328f95cfa9750be7461c4bac22e43c2ac12ee6e22e905b5317c50ff10261ac3200db44c83322e4635d4161a9b3a601992b649be4387302c6d14d8a32eabab88e6d0678f653e9bb10f66333bc1a0980c629f4c73ec0f2121cda1c3f380125c3a14cd4a5206199f64eaa95d806eb78401467c6f7dc83cf4f440630b00802dde802601e3fd380029d1ec840009001a37e208e6ce01b02c61be8c00a480bc4a6b4835f19e75eb424ca7392246a3a8c9e519c055a4d3e96193939412519b4358dc27f0eb1b22c3b1b2105e64ae43e1632c1bef02d814c382c38a47cf172158e641c758e490ba9acc243ca0b17a7e3b2d50b83eef96b368c561238c21aced35e8d8b6b604bd0ca30d6db4c0e19309673a10aa49fa213793ec80c5813f7cc3c4d15c105ee98d78eb1763fc17898e75108620377d0a08f6c763722e1c799096dba83aea893af28fc3887961a033c438fad9d5677415fb7ed33c4e8a463c9b7e86695aafc5abe0ec8b1ca96f2fb25ff5d3691a8ade77ddbab0a3ea721ccb23706694a2ce2ce88292e52582be52ad1a156a1945a7346c404cc7f7933c277e0846b09c4e549c215e261119ee1e0a1b70c67473957232deb91d1f36f1dd059931641819ad4d5d902b75af74f9b6702ba69a6b30c11c7038d408d4689dad69f2b818d220de67f737d04e0e394fd1f6120c75943585052a775c9fb311fb011cf655c2598f8c2e710377826ff7f00555ad4572088bc3d81a0ca09d625cb111ec875acdabd8021ad66461c730e351bc61fff4b1754e63ce8e588036f919ddf51840fb73b4d71d5f00f61534de719b1230810ee0e84996efdc4e580a2078c0e2c514793cc3e79e8cf37c9110ea8c326a09393677c6bac84c87f4f33e4116428700a561ba998dc33696a0888d0392e4b7bc1ac143a5f34ce93c29b309e1ad6703449a26f145b8369ec3944d6d53871afc0caa5f44de01f634102f6e0fd2237c1ff8be431381bd5deab8c2ccc17aee9ee58905ca5ca4cc69f22d32646c41a82b30491323f4a8f6c4062a1b5458274da47bd12eb31e7be3dea355e22f4ef690a688e2c5af0c6c9f36d076125feda4967556645d0e8bd657968515106111a7510379ad8c17532dafec0dce4b37e2bd9ed15d8f017ce7e5606734b83218b69fe474c87101b1c968cf56b891198ce396fbacea5a2cd39a463fe2d48a804a14f398dbdd413b9187845c5a86701f472631def2b6a7ba8d39315ce8629f6daf40cd4d2c787712bb4c039d0e2d401025c472b6a516128181285a2d87286c5f83d455cb2b10b8b55b0be3f01c848db234b0726127b48418d46074914aa6f1fbaf32a4fdbcc4ac222007c65d8623eb72ccf6f896c4d260f3851932a9764c39196d199dfdb03ddb20398849d628c32776a2cfae92ca1832ae1a447ca854640aef2d6f7dfa6a5bde4efed4eaf6e08a74b309ae6774cfc80010647cb456eb330c6ed3d85747e3c65be238074044cdfc08b0361ff04447e3de74902b9204cc381152a4ddc24aaa001b161164c92c4b58098f074438f469bc52134c40657d082f3359a70497d0618f10a1856f9bd627213c617c986707d7253261db347f8cdf20dc0315a131b00fd46662cc061d5a84d721c521c8c662d6c07309122a2fcf5ecdab447b59b74ff36a77b898e53a15bd091be6d1f55e2c6dbfe1e874d684d4af0b81214cb5a202e2e7b7ab38ac791ccebe1a2fcc5930e81b6d8817d7075c4fb0bfbae8cb60f8554e1d6c73240cb494949cfe74bfcfc80016b80cede6699f29d99767992cc3c5b1fe629b82e6f44d60bc421d81e4980d1051c18524820c54b7e0f01b8c40f6b8b79c8c6166912ecc59ad07dea36291ee50b08a7a50aa957a1f9bda2341c4839b98ff3bef47fb07a2ac6b13e279b2c88521c7ea65a4095a434f080c244af53c69f6439b601a389d35585f9e7a7a269f06e3bf86d6e14c02153be3d08e707c97f9746a2cf725643ccb0b97c386fe65dadd8409e360a7d344da103ecb9a57bf30b5926d991d88af6f3eeb74c1ad4f1b8213435ae0b1304ed6ac56b7bc33f81273901e8f9904fb0570cff0735d06a0ec0075d2e3ddf68f0e47cdcbe8ce63c012802829c01340da1386fd90343b21a03a2d591740bc8d2834432c6157f7d25e29284ee26833c8cdfc875481079c67e26a6909c25bc6553225f1c82456b8d2461d2a14870237824492f55acf2c84715aa51475685c987c3e313392eb0e59ca7c0b2955870de241cc59d4b74c621dda256a841ec6c694ab8ce4334d86de813a012271c2aabd63dbc2a9ea37ef1286a2bba16b70e804c3a3ebf8a6084b94a16e19c170616c6ea32da7d5596b6538c59186b01ac77e9bcf36384c7be9d246ef51e925285cd77537c200232ce5eef6cef0527f6ef4e5a954df7f199184b493224d00f4bd249cf75e415c890e61446f610c9282a0e6cd2e77c4fb880bbf9a039bb7b20d7660a629de18e2644cbeb77dd5a6670eac6a80887b98c2b0be122e63f441ba63b092ebc02281459ef934548555e956cd2af59ec20df8c9612ec3c6897419dc86ad5743ce434ac22131955ab58cceba94606f5defb8522d40b9c0d366dea906b16eed14e1f27d408ef71a815ed619df1022cd26638f847e1623d872545bb5837dd41b7d95b1fa92f4b24961b89ebb2106809dbab4b3cd30f0b999f6f861e7e202579c4155a0ce0ec75040fb9e16768a9765002481b150f7320e7f3afa16ce8ed849915a524d528d7a2fd21d8f5738366e993b902889617ec0414a45e63856091dfb55b936a1e428c9aed72c12ef5a8335e63389da049e5aca123943c54aaf121fab79b64c66f3db075f59d7e2936ff6d17e4834871c7d0907af91d9134f590b1406c8f949c3094f0fd8acb3bcf9d3f6adc33a6d4f18c5a77d1607968f8085700a55c6712ee7bd4cb1b6d3ff3ce0b8d97deb180029616651eb2d312c6e6cf77f6771a2b1c2cb1b0e8b960c0f3c0cb0d2493f80010acf6a8c518dceb325a252671efbe278e6d44143d10e8b30d9d5fad42a594be4ce9b86a04439fa197375e7e16d3689ee60da7509cbddcfb029e94a8bc4139987191af42d89e0a335b22668d3662630da85f4211bdd7e4f40ed60fb96b00fce18fcb36d092373589f122b1125b8befd7338d2a6d08ef0d33812de21a7cc64d40cf6d732f03075e8fb6b7fabe3de84c3d6a12f91c03dcdd14666781955861706e1cb571636a26580d5d5eef88bbcbc7b77b9cbc946d5db0db81bd100564377d20e2b6fe73180be8034fde16fac5d424a601db072430e7bab8c12aff166a020d4fc8228f086c14fd5f1c868e64857ba2514c37a34300212ebd0b22fc389532d3f3f633b552541741f3ab35da55a62a9da1d8725a8f14a96921e840478ab906882621eeb97a94df75b024e1b35c87c05adab72b627626a54e630247124a2ef4388b3a5c2cddf984c0e1519c02cad0e591a833d5448e08dba54fbeb189ad6c16d559ff9b396223a082f83657b213384acc4f0f185f56eef5c83a31264bba1f19f7cf12885fef59cc725775867d9609ff1533cb0f830633a822d981928f5b01d11616290be13056804624a18f94cafd0607a94ce790bc2e56c734806e3fc33a79d17c1c689209175897b377cb2e5ae7185f4915d42c7788ca6d050f38c810437ceb2d891d497093e417d1c1589560a6cdc668d4444209a76943e177de6590c1196f8c209bec4968bfd733850ca7dec5da8d5299ee3b15e6541fcb8fee150d18addd5dc2fd5b7796c43f8643221b2bf2efd967463152ee3cbb0114cc72b445677fa9fc23665392a1820f31bf9afe76e480340445e7b5fdb3bc192fadacef0cb87a7c68f36ebe357db383087d418766f4044c7b88d8f40859309c05d104f3fc64aca99ee5223388a34fb1dd24054185aa61b0e74e63c31d68b00ca78d8c3cfb8b830a364bbd2a77a771cf631eb907a2a8f2830ec4b25b4e6854f0653884dcb567656b5d996919c99f834154491799ce3e305a1f068072209837591601eeb0be38c64f34a3cdbf446783cd5e31b4084dfb624bc75c8683240beb76afb98557dc50f81eb907ef373598e7f85e1b155e802036c33fdf3f00eb137e66e8801aaaaf8fa7bdaac3587cb1b7bc38f2265af562ffb4e7b3759e46c0156f3db09a7611999191a11245ad506868b232b05729a5299e7b8b90e3b1799a94bc4ea6c23c64212b58a55a5c63925d40e5003a91dacc7b00cb705659c85b8dd2c33ba60a4e6902022deaf8ac4984afd2e0f0b8fce3841100e25ddbf689ff8e26450fbe4582db1add3f27a8edbde6b904ab05c1e26214ddc8476a18c7f1a99e6d15997b0db9630280cf6d9f46cb43af45c6582b5ddc147f9fad865169e78eac411ef008051e337ffb91906f0b0d5f6146a6665a7ffdfe7271b3f843a3e3e00b168033aa50610b0dc98eacfaf8186b45508152cc7635ff4c4bb6cc493940f84995fa454b78140891e5a449fb4c2042244838b28a4d84d1ef61d34f2aaf24a9788333f470630b4f2f85f760b0514db31da924042e23041f69056a272dde430ce1b195c0267a2e4b28605de3eb938645d99214ccf469f4382ebfa45a349d89074d321b46d0937c1083b5418a774cbfce25346b14f123d1890cc2104b6db1f9ebfb4d5ff2cd2bfe90a2000d1e31b7737cc0030550c039d7e5aa3fd735bdde1473a53b53f2bc0d121902a03d899003e785af4714582d20b1101dacfa838d6a939820dec300851322c7fd0957b111075e38b5c91adea76bcccf369919f994adcf984b10c358fde17811a91319652b98c41964817d64d4a8a355b36de74c15090acb1cf58611f7512807f18db851c9982b93b6932014d449a61dbb28fe6cdeffcc9c493211c2264caec72abd73016f55997d028f132b370660d90fbeebdd7dadef0bf7144f21c42c516960f4f39b0ddb8bb6106a8aaec63626ef0b4e8dae59de127673a8d873982755c403cd625610d43e7fd63f512cb71deee0a9b4bc776569eb0ebc5d8b3931a51e6731cd717f9577b634d96c884345d66728ddfb24a7aec97934524af61101c66ba22f22584c382f59a579b418351cd11d2051165286e435265ac5df49d8c20148538de5b97ce57bbca34ae4dd05c109c2ac2b9582503e894f238fc41d85d4a3f1f6fe79d01b8166199c254a18d68431835328b9a378ff539ddd5771530fa3c185db8b035f8245a8543f2699d263c047253ee661960b48995d9690c7880a7711683f0573bb3b5bfa0646729cbc457dd6523064409bdf7f832862f462a04064fd96004e422e905fa400c37d2007cc42292c89638ced15d59d3272990285e9558aa0f956b3d4ecd2c13e541a80c2392a30c35bb6923929945327b20164ef540909b441e23b37cd8195600f0ce6a2c6c1b02166a98761db35d0b20184c5324359883485718cd9b61b6bcac9dcb4b48efe80a552bd559d53bf6a95d2ce7c96a9948cd61dd96d1e728dcaff2aa1cdebd375cddccd33f41b82977530c00826351a8d14d571acde1158ec97d6a6eb2fe363ee176bf802baf7ef8493cb9f0e3bfc0ba72e8c6a93304eff90fe77828d19c33c7ec41225588a86aa32c59890ce920289a65206d0b7010aada5efb1ca2cb953a0d2a2df6401ef7544915a23797b1ac7732804ef8ac6b0fa9df8b67105d390ceb23da15d9b9b4ed65668fd3e7b4690d4aa53058874bc18570562f6316c2d16c3c13a0c4f3d18dc085c394026379558aad3a4b7046214e9576eb8f9905e5c49f170fcb3cca41d84fb66ac32b23e841b11b5efcb1a9e26e8a01aa42c38b18d6271ae932fdbf786567f82b13b3f5f7d211df6d14040dc2108e2363229e8edb31399dfe82943c14b8349cf99f383ae59f481021da07a1f22516d1a54e11e130231348464fea04f2220f3ffc5b9786a9438a1122527ab6296165468b78ffcc5bbe4462ee1dea6613769fc93c6e1df55835305103f7a87d2a911012ca2125cae287a452874ca6930974f6465b210f35a661bb300cd957fb235cce5cb4376c451cc545bc0ca3b32ef3d2fee0e276ff97c53fbc72197adcb4f11715f273d30c50b4c030b4406d79797bf09bb313f54f2f366aef1029aae5e89014075825464465a2da6d91a1b421c9a8dcb22162a4688c4d1e02ee21444ee3b9a8269c79c487465dc455c8212a982c18891b25cf431ab6ebf0e2068d0f83e8946819c831587bc17b68117045b3e4d1aacf533fda89521593528f9ac5587d0fa5b8ec2b181237241edf7e318284e4d24c10d1fc6a16673045e395b305f10939205058ac2bbe951cadd0afd27712c4e5faeef0d7cf6f0e7eab33ae2db342b74a361eabb0d4cdbb9b6680aa89d002471a838bac022c5ed8ec7f90bdeed7b2ab7654aed54276cc771a184c0169796099a2324446a8449138e55ea3c79ecb37f644646ae08556e03e1699021339464bdb8c99cf328365f292977296770751e10cf55fa1c72a480ac997590c8bdf4d660d3a77fc2c6bf5a69be64f4cf36096784d1d11f65326764d41062a3394b0392892a53a1b9f764de975bfc12d68b58ff96318033e894a72e0c293cfda13deeb4c5303589f61ce095c7e62bdfb41aa59e6a1f98b9707698b6c19f82871733fcf8a012a2dd0edf2428fe9d6f0c24ebf31b7bcd57fffdd8b9dbf4c2f7894980ed0413b615824e7712fab73b95c8913b1c5300a852c43543d97980c6a4144194594b8ea9791973b59102b7225acf71409c9f35e89f32fabfbcc58a60b8b7955b93647307ec2c28efd7e189848cf1986c1497e9fd495e0c2a2f6d02f737cdb2ffd09fb827b6b969154e81e8871d6a1ca57eb78099bea5e1bc7f6c3ae213400393d3e242d5399472634ec856d3138bbde7f3fbbb24fb6c6c30b9cd47a4ed26fb79f15035810c232fcd6b69afd74716262b8707633fd060f6cdc7f74a6f570a56921bc33e53cd5d9e305091d1eef76f62cc2cacb8d14611120c1c2272091fc910924969d8f383214d56ddee24c13d912214ba264cf438f696a009dbf640b49da0f1b41396717127d936163cf2f7f136d1e9927d888349954a25b44668918d26d57e9164855bb53ce7c26206f12a95542e2c98be446bdb94be79a000011b0494441549656c3b96f208c4e61dd24dee2d493567f3008beed788987cb3b834f9cdbec7fbedd185ee21bdc1759f6db960e54f5acddb36680aac5012cb8c689da73ac44cd7efd4af7833cc878e7dc44e3d5c01e408b3c7145ffd20e4ba21ee5ca5a21ab6deb1139654c940a22c795373fb02822450678cdd63a8178509a78e96a8a6911368e80cf6e5a9f8ea8209a816cb35f6502e1329b799c015846e28e2ba3ce4526c089553a19d5f13a660cc134590bd4b163640092a332eb526b78ef50a4b45b870c1e3c42bc6b03de6b0fe0059e04dad5c90d9e5a7618f10962994d6690f8eb7bfd471e5fd9fd204cb34cf173d4ef1bc06e7ade4f996b5cc07d4dcc4ddc4048857417cbed328c789629cb85afadecfd073ab022f2dcb8b1a3d9b190811690cbb3e197d5a6c93284488a0b720894483522feaac430908807015945524e2d5398ac4899652484049679a497480c0af1ebbd97ceaa758eb1c1a884b5ece501f8357cf7569df615cd16c621e5b4ea853d6a86f18424ea2042e2abad3282d54608007686c4d508f4895f19c0a1c4b6bb74eef20e0fb7aa8168c87c4e271d02109cd54757f77e81e1e13c5f123d2bbed9f4d9adf02ff8cfda3d2706a85a1df2dcd8068fe69fc7723fc7d2e4e38f2eeffd02fbd3bb22374bb788c812b3b5d743edd179c441f5aa84884011a764cb5119a559ea25baf9640811aa656dbd8645a4f5e3452909102b6c2056e613b9a6db962adaceda8ec470acb6ed30bb89f75ea29b1ef551a704f6156d45059354c167be2c9df2558425229c23f10226fa1b3e9549482ffba01118c4a76dc1d6b01b612378fc7b8bb3000e65a1f6d57e84391fb8fbe45af77d5bddf1e3e29767b5cf896fbbc2f59cdd736600b850bcf4190a5647e3c169fac5f264ff8b8faf757f11b58ab1ac74abee51cb5c767a8d478eeb6cdec8dd222f76ee88b7a64088612e09ad5a96e8317da272771fc3e151752e23d7e0bcb7bc167ad60bb90eebca0c66febc6e003d7279eab79cd25d8c2def653adbd5179a5c07f092e8c319ae47e84cae4271134317713e911c6d92df7aedbbcf1ebaba5836b284536d7385175faf6cef059358b7cc62fdcef7cf6cf4decf66cf17e1de0bc3f1e00c7876d1874990d87aeeeeb9da000101b0c446115f3cb9dc690f399ddd9838b3defd2c63e6f49d73ed1fe2d1a57a2ce1822d11d643cdadc3f147781ccbaf7fc458aba8e3dc53b06b224f49d448ca4ec57e3544b64c6422257a96e42c81e692e94a7ef72264348927d3e1915e8cc43cfcd8965bc49631dda14509d6657888d41115f7903d64d83ec920826072c534d24736741871c8886565b8b9cc3c322cb538257c6e6327982a1b7c4a7e30c00883ef57c0e367604287d82707bd7489266e89eab72bba5bc200564487635630d34b17665bc34eabd9683db6b2f771fb7cc76cfb072040cd153491a631b5cd1696fe89990e2fefc8e7e7c4b792a9ea536a74b1de2f329558ee650ce551e2c48713c827ef9434cb4a4ce810c494d0e617e10e314aba5ac53cb9055b312f7fc499962537c7977c415ccb44c07c59855bb2d4e3f2b7dbdcb697db81c960440f93fa3168b589756bd86957ac61e13e71650735cfb84f428cf9c0491fc668d10f3db1baf7f176abb63c1e0c9fe031c40b4cf8b7c47386ecd6fcde3206a8c01902e4fa643f9d698f872d98a0f9f5e5bd8f2a8b27e75adfcfc79db350810491b4c150a044dcb330593141913e194109ca0411395dee947a68106b0c2233082dd588956182c82179324026449c53208f75d164383db2c76d109e7b6b314ec29820e328cdda1a8570b6a1d9a06d11709895bc1ab65a324559d95f61d3f9c87b187bc240e678b905713eb8fad8ca56cc8c148cbc220963301f3cbfd5ffe0132b7b1f6d366bcb70cb13d8ce67c52bd5dd52e20bdf2d6500b8d3cda23e4f13ad1d1ea4a73aad6183b1bef1e8f2ee47e97cff9ef9f61fe5f0264b00d9a813b19b18854f31a1b9efd014c65a46a2f122db4b043b8f17e9114744916e092603490d11eea7d642b592a0cad78506883ae2864daaec2c2b135ad82aac430e30decb5b558b922c23081327cda23d55baedc8cd8ee332a64664611c2372f96cbbf8308aeca8653fa4928bec343ebeba1506a3dae080e4f7cf6df5fff3536b7b9fac437c5a791cbbf0c9955b3ceedbb5e2d8eb1009b7d68174fb3f718807621a13cd7b99f99f8201964ece76de78ea50e7dd58c2d361d48198401c99a7dbad74ffd2743aca7eac2fa0505a244456993043dc670b595c5bce2768941cbb608be6b53f96d3b892384138eae7361305df7cd66f9c7955fbc599a60b49a75245ce64db94d91cb6f635007508978c699c655ded531368accab8ce342ca371b8cbf5043bf76719f3c3c8a3403ee2a5ed32de3ebdd9fb4f1736bbbf09632da3551e1bee0d1ec7e863c617073d2ac8b8bb85ee966a800257a509f6047e91fdd5e64473cc42912f71fa0204dbbcff50e73da0f5e8c8a76354d620d6d7c1feeea5cdb4bb389d5ec523d5f1fd9f8a9822d43d7489a2f25562c486ea7912e4731b040d624031d324469ff7ae9bd3323288c496f01253e9d633defc860dc80c45abe89bae5da1130e19ccf698c4d046662253d514d69b878c9cd77e19e7346f0595ffc8ca260f6ff4326c3067ec6c52070f825e627dff175737fb8ff02afd1574ca6383bdc11398fb12ff596ff408f3f5dcf3a2014aa320406ddd094dd04cf7349b8d7b79b5ca11de067efc35473a3fc0b7705ee7fc5ce971feee6c40893d34d54e0f1c9e4d4b3e73c576974473834902895055af4897b8d246026589ca8f54b9872e71944c89655e6e43051bb6bce9fad697b52001721655eebebee7049560dbb19c4e589cefbb986559138c0bad407d1409675a8b378bf940e7936b7be9f4da4e30aeed66c233de03df4677f4954757bbff79b73b384fdf2f0fc6c3c7e9f29395e44b7c7af0fcb9e7950104bb6282368f121de6ed2977359a8d57317ef269bbfafca9c5cedb4eccb6dec90ba4c1675e98f1989644f0fec4fc547aede1691eed8231c08388d695451d315318a0bc5021cfa3f3782b6358c6e9553003c5c308234edac50325f255103113d2b62bba86efbd0ca2341723d3fc65114a15ae1326db9281fdc8f298874f2ff04ea1c757b7e32318e609fb843cae8d600f742f6f0f3ef6e47aefd3d0789d762ef272cfc779cbec69c67ce81f92ffbc125f989e77068846c41e383aca23fd3c697ab2556bbc8a79fa096641b3c766daf7ddb738f14716271b778954254ee9f22c9fc2343bd14aa796e6d2a98509de0c0a23382a3bb69357d34a0c95f9b3ab6812dacbb092e60e9e0f5d9a47e9f388b661158a1ac7f624b00b4412d3b24e3d55e5022d0c44453b129868e26d37331151dc551ac0533e1879cb6cd329f1ebcc72ac2f18559fcc5edbbdf1e9d31bbd0f2feff41ea54b9bb47daecf3cbfc6ab0e31a09ff5e91e40bd69f782308050c103e2b3350b4dd1f0bc69a47137312721ca02ea7ffe81c589b79c9c6bbf8d65521e9ee5e959befea454b9a4dbe069e0295eb372d7fc647aedb1f974272f669a62c2d664bfd63de96df718c0b2b601b40d424b644feaf8a8557c8388f86094203256152a3eb48ef376d2b25acec381465b1e66945661cf46a1e3bccc621bea7ecb3b34d57d5a99b40b5b5dde57b8cb922e5f34278fd9ae6a8dd0447b5776879f7a6aa3ffd9fe60a0d4af51dd19a6f64f611a9ce7bc25ffb76e954f28afe75e30062880c007cd458cfe56272dd56bcd3b41ff5d60f508c3ead4d264e7c4fd873b7f6069aaf9ed93131df0ca3b7764828a11ea308692b934dd4ef7f066cf7ba679861f02824c2e8708e7d1aea4a962f3aaa0b301a75f52430d20174a983cef76cc8723612e87069f3794604ab90ce0892235865a02a584dae7ac5e946788c20a94e89e1358e1d5b35762238708d3694083d4bafc43e58f3811fce5b31bfd4ff250cd59def8bd03575d069ad32cef9ee5f5c797117bb7766319222a79817e5e7006b05f3081d3f1ce124342ab958ea336efe451aee3d06c8eb5c2c93be75af7ddbb38f1d685e9cefd1364f0c1cfd00a4c157da62eb68fb094daa37e3a3c33958ece4ea6c3bc50f1288ce15b38944c3e741533897e8f579db2d2e6c984c94e7e1398338c014ce3abe3dc7d73dcf63335328179bbc4b950a314cb30329ece754c4f0e5d44d2977908fb0a2a7e17ed633e2fd57d18a4a80d55bd1a87e7271e3dbf3df8f5cbdbfdafc309bb28970d54fe79a4fe0c139f0bd51c5f63ef962ff204d0d7f97951184098ca9030c7292cdecab7c45491ef138f4f80b925e8328d6a9dbc0b4640ed3fb430d9ba6f8267b81d0a7cb387d2189f5b837032872adae99b6b098bd393696961361d3bbc980ef350c80c8b4bf1dd01969b5b87b042a0001f1360958217a9897379318eab01149fb595c8ae2fece2efeeeea59595957409b5be02b15736b6d9c3e8c550e3c79c860c419e521ab057ec4baad5340e25688e112fba7eecdc56ef73e737fa5f277a57a9671df432eb01e798e29de721cecb6ce9b1c0f7c2aa7c717fd0bd680c50807048e095231d4831cf47418e36ea8de388dd31005b447db3935b9fb863ba7d375ae1f58b53ad07a6daad19dfe1a78ad6500cedc06cb389a65052e1926008d33d59dc6e77e2dd7e93d8140c2b314dd3b6684cf0d95ad225b80343bc5f9dcfb77679cf4d2c3df3aee51e22da4383f895120f6dfa36f211841e72a941fa7cfecd723242d81cbde136ef317ae40207362feff49e1a8f465d1e84d9e334319f094b17c9777edc4f9760b9754ef22af52fb8ca2f782ffe8bce000252b401b6c1248f6a2fa2bb8fc008c7d83a3892196134c1733aadf989c6a193b3cd070e4fb4be6db25d3fc9d8dcca2b737988d066f0ac81421ea7727ccb188cc06d5c79f42f5d37326b8f8821afda203431eadc69c2c835084a3a6d63671b426347e04b78994289c798ec6ff74667567607ffe3c2f6e091cdbde12aedf5d14810beb6c651288ecf738616c2f3da8e2b8cf53cc4f3e24a7df4b7fab92d18a00004b19c75b51816a6f91ad0221a6109957f84d3524b9c349def8feb93d000c1af4f2c74ea4b87261baf9a9fa8dfcb3ac209969679524d630d82430189ae1628069dd6baf148e27e7a8e38c816344f1e255c27f13530351e630a578df12c046db17ac7e197c1e33c22c7d18711c7b4465d9655870d54fda0565b67e4598e277679a735cf6b5f41dd7b76df7dfc6c29460b2ffecf6dc500a2a3d206c1084c19a77957f11cdb4787d0d44bbc93e210eb070b68e9e9e1b0de864cd2b5c593c1b3b39dfa51aee3ecbb9f603dfe306b0abcf48b4f4640f5583390f8955327c4ed81b892a6092f85cc21d119cfbbac296c69eceff646e778fb280fc68e2ef1b6944d46853e7a63d8688c7a981858f14ceb6ac3552a58c63e5df5394ae6754178aaa43a2abccddc6dc70007f1033380dfd45c60688023665bed340fc117618445d66de6d9ea9d41cea738f0d18618be96c8d5237651f9d658ab36c3516cbe3c5b9fe3bd3d73980d33688749b402ef7bc51418fb52bbec50d51227668f58f2be22101a8f7915d178834524ce698e7985ef28161b0168040c7ec2173b6eb4c349982d4c8975087f0518ae603aacc3407c15395ed4a0c46775521abbcdfcdb9a010aaeaaa14166e840f129c68719d03adb1837e7478df11c9a7f06d53ecdba261fb9ac77608416b2667e3f401e0f11416d09aecc33d0d42912cefb904a9e2d945086d5d171309c441f75f411070f1a3339e129bc718d0f07f0c658deca561fd63686b5c13a2b78cc0fd236263d421f6fe862d4b8bd543d703dad7b49304081fcc0f0d0640dc197b44f30be4e4db421be0cc0f71578ddf834a49ee479f9092c8a361d6c23eb7c8ec06fbe8cebc3ba02ac6510cc50aa865abc0877e43749d0067cd519aee1106e0da2f37c0a6b42a875083ff413c7db94dc6636b88dc1ea53e9bb6cd9a10d628de8b654f3a5934fe7bfa418e060070e30431926daac2774fa1c2e6297d9b3251dd47467386eb2a43840e537592a1afb00ab130597f4f687000e2038bb8ba383988abc8277d01f0d9afd466dd025d27751777916728f87db784b4eeaa2de0bc1d51a2f39a25f83c7dbd02e3908df0d870f30848495291a4c2b9b4cb49b18927ef1c76f42c485e4d6f7986614a71a618aa6daf7cbed430a0fd1e54354c680699b4476be1ec4c67f4913bcf4b9f82f590d503af04c7ec5146629d25e54bffe37ba18ff89d4d7c12fdc7cab48889d791af72dcd004fd3df57a2be01034532be21fa95db970b065e6180970ba5bf493f5f61806f8298974bf4ff0fdb00bdc460e46f460000000049454e44ae426082),
('federami@mail.it', 'Federica', 'Ramina', 'FedRam', '5f4dcc3b5aa765d61d8327deb882cf99', NULL),
('gigione@gigio.it', 'Luigi', 'Datome', 'gigigante', '5f4dcc3b5aa765d61d8327deb882cf99', NULL),
('giova@gmail.com', 'Giovanni', 'Verde', 'greengi', '5f4dcc3b5aa765d61d8327deb882cf99', NULL);
INSERT INTO `astrofilo` (`mail`, `nome`, `cognome`, `username`, `password`, `imgprofilo`) VALUES
('kobe@mail.com', 'Kobe', 'Bryant', 'Mamba24', '5f4dcc3b5aa765d61d8327deb882cf99', NULL),
('lucver@mail.com', 'Luca', 'Verdi', 'VerdLu', '5f4dcc3b5aa765d61d8327deb882cf99', NULL);
INSERT INTO `astrofilo` (`mail`, `nome`, `cognome`, `username`, `password`, `imgprofilo`) VALUES
('luigibianchi@mail.com', 'Luigi', 'Bianchi', 'gigiTHEwhite', '5f4dcc3b5aa765d61d8327deb882cf99', 0x89504e470d0a1a0a0000000d4948445200000080000000800806000000c33e61cb00000e0a694343504943432050726f66696c650000480d85570750544d129ecd4b5a969c61c94bce59e292739220a0e4203927c180241104c9121401498aa808080a889244114111240a2e20a228888282dc43efafffaaaefebbae7ad5dff4ebee376fbea9e969006805dc424202e00080c0a088306b031d8283e311026602a0001650035a8072f3080fd1b6b434855cfe41be8d03d8c1ab3189835ccf2214cb02ccab716bee0a2777b841ed3f04fd65a609833e08008c0019187dfe60f903ecfe071b1ee0e8889008c8c7f9007bf8ba79423804c2e261b6d62408974218e7f3075f3fc0ee7ff0fd031ce5e17310fb1400347d90a75f10009879086b787a857b40af090080628f9030c80777e0af1518180ce5c7ed429878b0169086c4db1100553e00b0fd7fdbfcca0168ec83a614f1b74d681e00163900eeaefe6ddbb4febd3e30e6e7e1de72b2bfd3c1a8750040cdeeef6f0a41f3b908c05ecefefecfabfbfb7b950020a601e80ef0880c8bfaed0b4d1e0e65fc7fe33ffff9ef080444c801a9488007446002e2411b0c061387b9c0f2612fe15cf050f8304211518b144436a1f4508be8648c1466015b4ae148c9423945554aed42c34333832ba035c723f13d7429f4160c9c0ccb8c6d4c99cc1e2c87585959b7d85eb1dfe3a8e03cc715c9edc16345d0e095e613e4e710a013c408ee096d0893896f44464407c57ac51f49744bf648f54b3f9319939d915b91ffaa0857a253165451563551733914aa9ea251a6d9acd5ab3da9b3ae8bd6e3d15733386218635464dc613267863597b338669965f5c0fa832df7615bbb64fb36878f47049d5c9c735c1e1fc3b8dabb35b8ef7a1a78e579cff8f2fa791ebfe23f13c81664159c1ed215ba154e8c708b2c8e1a8da18a35884b8b2727e826969ffc7c5af34c6a526f324851483d9a96945e75ee7ec6e8f985ccf5acdd6c740efd45ae5c629e443eb18050c85ec4544c7f89ae045f4a57c650ce7c99fd0a7705df55a14a912a896aa96b3235b2b5b27532f5720d0ad7956e1c6ad4bd69d4647eebf06de73beecd7e77835a425b43db42ef85b60777f8dff77de0d669df65da4d7aa8d6a3f848e6b178af681fb15f68407850e889c010ff53de67bcc39ccf9947e85fe04719c7385ef2bce21f27be169f909b547aa336a53d6d3063316b377774deef6df442f262eebb2a72f3d29b15a1f7a1ab0fd6a83e3a7daafb0cbe386eb47ce5d83aff1db69dfc83fe67fd9ec9af9dfdfdffe29f08b3839d833d86a3e116f02bf06d843da213298eac4209a0ead00ae87ecc51cc0f6c098526c53bca2c2a35aa65ea3c1a1d9a4fb87ada10bc1a1d966e9cbe81e134a33d93343305f33b961ed64ab654f6e31ce69c0a5c5cdc70ee0f3caf085dbc0d7c05fca705fc050f0b6908f313b1c42f2213a2dd62d7c58b25522523a43ca46d65746595e584e5b915e815918adf94569567555eaaf6abb51eaa572fd7c8d7bca095a19da99349cad62dd42bd5af336835ec339a345e3305662ce65216fa9647ada2ad736d9a6c070e2fda333ab83ade7142389bb9141d9d77e5737375bfe431ea45e9ade613e45be637747c3b8018681f9416dc12b21cc613ee16511bb9122d18e31a9b1fd71bbf99c095a875d2edd499d325675a9346ce2ea78054f634c5749b736119d9e7ab333bb25e5c58c94140fb4129cf3adfbfe06c6159d1cde28797864b264bdf9691cbc99717afcc548c5f1dab1cad7a5e3d7a6da266a676be6ea57ea361e706b291e6266313fb2d9edb8277449ac5ee4ab648b72ab669de3369778076c38907399d355d3ddd530f771e313f96ebb5ee0bedcf19b83138f064e929e219e7b0ca73fb91a81745a3ed6373af30e3d2af1d2692261bdf4c4fa36764675de6cecddf7d3bbfc8f1ee18b966696345f3fd85d585358d8fb5ebec9fcb36a4369f6e9df8aeb183fff16977fcd7c06ffee18002b00031a00ffc402ee88301183fcc181605bb069b8233c22de117e113087e44386200c98b8c434ea2d45015682a74387a0e638c69c30a630b28b014499408ca642a6aaa1c6a76ea6a1a599a073863dc24ed71da3d7c369d20dd3d7a73fa770c718c0c8cf54c24a619e628165a966bac9aace36c81ec08f6120e798ea79c3e5c48ae2bdceadcd33cf1040e4207af33ef3e5f05bf2eff9240baa084e00ba1486116e176a2ab0846a449d4598c4aac433c50824fe2b564b694a93456ba5f2655d6508e5a6e443e4fc15191477149a951395245459556f5b3daf8a136f5428d284d5b2d096d84f6b84e2d294ed7408f596f41bfd120ced0c088c968d1f8b6c919533b330d73710b664bb8e5bad51beb7e9b56dbfac3e57605f6790e798e2547ae39353b0fba2c1e43b80ab999b9c77b547b8e78edfa88f83afaa51d6ff52707d205a9057b869c0dbd1ad6113e1c3113b91cf5217a2d662976326e30fede89ea84c2c48c9389a7824e7b9d714eb2396b9a6c90a295aa9226972e7d4e2243e4bc70a67096f805856ced1ccb8b5eb9b179b9f9370a9e17ae17335d522b712bcd28bb533e7705532171d5aef274555335b986abd6aeaeb07efc3ac70defc6bb4d885bf6b76f3653ddf56c79dcc67b2fa97df1be5927b1dba427e6f1f5bec541eea19867e491d831f5718949efe99df94532f1fdaf75c32da59f8307fcffa977073501ad0840015457ec5e01600bd5e4fc410084de03c0e40a80250d645301b0256f006bb302304c23f8ab7eb002631003aac030d88609c02c6109b01bb0593803dc049e0a1f40e010368862c43c52141981ec46e1502ea8463440dba06bd07b185bcc0d2c05d60bdb43c14b7186824c694c799b8a8b2a9dea3bb517f54b1a3d9a369c28ae9c9681f61c1e868fc37fa50ba65ba3f7a55f66f06158650c62dc648a6506cc192c1c2c35ac4aac036c8e6c1fd81338e8386a38d538c7b88e7303ee221e199e27044f5e186f399f1adf047fac008740a7a0bb104aa85ed8860888b522c622aba2e7c444c55e88c742bbe9a9648294a4d4827489cc6159bcecb05c8ebcad029bc28262bd528cb2b60a4e654ab55e2dfe90b13a9bfaa44691a6a316b7d68a76b34e32c94957598f55efa7feb2c18ce1b8d14be3699365d31d73460b494b0bab30eb3c9bfbb6643b0e7b77876b8eeb4e0ace27a0ba8483ea52a5fb47cf435e99de73be0a7e99c797020c03eb827121b1a14be1e6119d5192d145b1e8b8d8f8cf09ee8953a7ec4f8f251d3e3b9b1290ba979e9d21767e30cb2f9b25672037315fa6805c5470c9ac1459d67239ac42e4ea4255e5358f5ab1ba8f0d1d37726e7adf52bb836d7ede52d616da4ebacff960bdebc9c3864769bdc7fb0d06c586f04fb786c7479a470b5fc68f3b4f9026f7a7b266f8673be6cddf9217a3c9f44bf52baaef9f7c705a5bfe14b8fee18be7c6ec57f3ad96ef9cdb093b933f657693f7467f9f1facc01c248136b006e385d9c32ec006e02838099e0c7f8260443822ca1164a424321af90845877243dd41a3d147d04d180a8c07a60bcb8d4dc4ce53e852d45332502652ae51b9508d521b53f7d068d074e094716db4aab49d78127e88ce866e9ede9ffe07c379465ec656260ba615e65416119627ac416c78b6bbecf6ecbb1c959c069c5fb88ab835b85778b2092a0432ef453e0dbe35fe32010b41b8608b909f30aff02cb1404453644ef4941841ac5f3c44825de2b1649414516a4eba58c64e9641f6955ca9bcbb8284c20fc501a54bca7e2aeaaa78d565b5ce43f9eabe1a8a9a08cd71ad46ed541d4f92beae841eab3e527fdb60d370dde893f196c9ae19da9cc542c852d9cad8dac926d836e970b15d87fdac23fc8888939973b84be9d1be631b6efceeb61e699e7dde281f53df22bf557f5240751055705cc87a987bf848a461545b8c706c513ced89a484cd9381a716cf3825bd49764979971698be9d919149c86acbb6ca59cc8dc9a728b8542458dc56a25bfab2dce5f25a457425a22aef1a7f4d4b9d41fd9bebd18dcc379b6f59ddde6dae68316c5dbb57d0a1747fbe33a59bf870e851582f5b5fd780f713eaa1f6673ed06da27f34e6a5e4aba5d71993c26f1e4cdbcebc9f4b784bbf50fd4e81dcbdacb3726f55fa43c9daee27bbf59b9ff736743753be766d6d7ce7dbb6dc89fd71f967efeeca2fec6ffe45a19be330c47d2c6c0c2e0f2f455021a2100b481b641f4a0bf500ad8e7e8831c14c62fd29e01465949a94cb54f9d42634489a1edc695a7d3c0d7e92ae8efe04830da30c133dd337e8cef092b597ad85bd9aa390338deb0477208f2bc186d7984f935f594041505e484e58894812511715116316c749504862a5e8a40932cab2d672d1f2650acf14f795e5548eab56aacda9b36a2843277eb4f6259d6ed2aa1e83be8a81bb61ba5183f133935533a439c142ded2d0cac1dacb26cc36f170b2dd45fb2b0e8d8e5d47469ce69d378f628ff1b82abb39b8c778947a0e41a7bc826f945fa73f75804fe040b04c485d9874f8dd4883a817314eb12bf10909148945a7c44eb727999e5d4c3991c6947e3dc3e8fc72d6d96cde9c3bb986791305de859f8a4f94c04bcf97535dcead60b87ab18aa9fa520d476d453d5f43c30dd5c6c126bb5b8b77029bbfb444b67ebf97d0feed7ef483ef5dfeddef7aec1f3defd5e96b1e1018bc38047f1afd6cf1b91dc499e258dd2beef1f8d7272762267ddf384c194e2bcd08ced2cfeecf7d9c9f7e3bb4d0b478f15d28d962496419befc7ca5e8bdcb2af7eacc878235f3b5bd8fb59fac3e7d5ecffa4cfcdcfec5f4cbd486e7c6c7cdc8cdadaf915fb7b682b7de7eb3f9d6f75df1fbd56ddc76fc3679c770a7e107ee47e88fe19fc49f677e4eef2aee66eebedd93df4bdb9bfa25f56b70dff380ff3f3dd241fd004ca4e080e0308229499740720bf0730f738bf082faa43fc20448201804404f1820005368a40b691270836c7ec01db2ba8108e0057e07fccf4c7f65fcff3ac22b06ead900200587c486f9f9f84610b4a1eed38b6014e421294e90959656fedf39fef479073e683c00a57107a8876c71ea40ffa7fc0b193dd69ff53d666300004000494441547801edbd77ac6dd97ddfb74eefe7f6d7a6cf7058247651b4c422722891a244cb5654468a0824918d34078ee0c04ae204418020509020f923300207860b1cc59641caa2284ba2d8298a94488a621b725886c39937afddf26e3dbde7f3f9ed7ba99162cd7b6fe64d2139fbbd73cf39fbecbdf6dabffafdfdd66fad9d5b2c16e9f9ed7b9702f9efdd5b7ffecea5c0f302f03d2e07cf0bc0f302f03d4e81eff1db7fde023c2f00dfe314f81ebffde72dc0f302f03d4e81eff1db2f7eb7df7f2e972bbce1f6dbdbf3c6a45d5c14dae3c5bc9d5be4aac542aaa6f9a298cfa5f93c2dc6e3f1b437cba7de7c913ab9c2f0207da373f8d9c562f25d4f9fefa64ce01bef585e29d6daf7ccf3b9efcba5f4d2799abf309fcb9d8389a7f3f97c7b319b5717b945a55090ed8b8470c0fd458a64289f532ecdf8dc674f876f3b8b347f6c364fdf2c15d297f229f76077b678f8d35fbdb8fbdd2414b9ef6401b8efa5a79ab369e9158b7cfe0d30fa4db994fffe4221774bb15028785fbed89f22d91ddfe7295f80b5ece06b4228f85e4c93f1f85808166936a715e483ffc8838766a972fecee68bc595c57cfe00e77e62369d7dbc5e9d7dfefd5fdcec7d270bc4779c00bce2cc99c6fa46fdf58b5cfa1b30e84761d40bf3f9425e36c930788f56cfe56ef0e58491f123ccf498602cc768010ac5629aa1e6b3d92c183f9ef259c1e12805a8542ac57b662032c1515ac69309f2b07828e5161f5bcca6bfb9b737fb932f6e7ee709c3778c00fcc8bd67bfaf54adde3fcf2d7e0ebdfdfe72b1149ccc1d333aa7d6f25901984e6729bec33519078332730f93c33220040a492ea486033c17864fe753553e15f3c5842188736828cd392f7317330143b41dedcc1028e4ccb6702f0f4e17f3dfcc4da6bff1d1af5ffa5a48df77c09fe7bc00bcf555f7be19aefde728dd4f60be5bb034d361f976cc7099e36bb1803bc75aae96e611864aa59a2ad532af5aaad4eaa9d95a4ecd664b2ea6e9642c97e3351e0e527fd04ffd6e875737f5fbbd34629fccc7c2c4353366679841fb32e1b729d6432429ac5028a693c911e2f03ea4e91f7de4ab17fe90c39ed3db735600def6ca7bdf06517f0506bd1de6e603acc1ab22265ba6e9a7017368b1400ecde65fb552496beba7d2a973e7d29973b7a573b7dd91d64e9d4e8d663b55eb0d84a0caf9a51016e548613a711d7384670e3347a3611a2208835e371decefa52b172ea49dcdcb69ebcac5b4b3b5990e0ff6132143b806cf1f0e872188f6077c405f6891b69085f978327e3fbdfb3f3ef2958b1f7eae4ac1734e00def2f23b7e209f8aff7da198ffe90254954105809a604e4dd4b4cbbc054ce7f7b4b4b29a6ebdf3ee74cf8b5e92eebaf7c5e9f4d95b52add10cdf2e77b50a61aee148b6651aec379a89dfdcaf05c9367f41b08e2d8356c63664fae1de6eba70fe91f4f0d71f4c8f7ee36b69f3f2a5344660c20f70d66442d4c8e9d3e944198dd71c13b198cdde3b998c7feda35fbbfcd9e38b3c67de9e3302f0fa179c39858fff6fcbc5c27f02b31bd3636d2a02c2cae5321a570c0d8390a9d56ea717bde4a5e9e53ff843e99e17bf342dafae07c365945a1c5ce0ef9f333563c6890cf8aec5c82c40060c1592e098ace1b3df439b8fe542861610c010080e190e06e9f2c5c7d257bff8f9f495cf7f366d5eb99466d30c6bccc40471112fc467be1369f4d8f77f97668bfffdf7befcc8a697792e6ccf090178ebcbeebe3f57c8fdcf00ba7b332d07e61dfb77df4fb4aab5bc925ef69ad7a637bcf9c7d2ad77dc154c9f4e006e32f344e5a0b95b30d87d6cfe3d61f0313fe3bb877a9efb4e98ed715318a9c5f137bf7b5c1e001066deef3035be6399bc440fccf0d507be903efdf18fa687bef1609ad327a3078551d7628411588263a7b3d9c3d3e9fcbffbe0171e7a17cd3eebdbb32a003ffe8a179c82d0bfb6c8a7bfad3987c2a9848f3634932b9ad411fe7815bffec61f7d7b7aed1bef4b2ba74e89b8215cc669190444083ce04919a333bafeb905e0d8ecf010ac108ff8ce4560905ca49960a6671a16668cf73c5ffc46df7238243eb2211c7142f6b3d729d06fddc137bff660fac8fb7e277df1d37f1cfdafb7daa9ac3068d11004ad83af5c21ff4f0bb3fa3ff8fdcf7d6e279a7c96fe3c6b02f0b657bde0f5dcf33f2e16c8dae534ad206d08191a095f66f8d132a0ee87dff496f4233ffe5369fdd419f6cda4fd31a3c004aa1f5b68fbf10f274c0fdf2fa161dc8915c9da8f533241c94e3e69f098d1323563f331ef43db4f80e6892065821717cf76d1953961a1e65e0cf0a53ffb74fad0efbc275d78e421406816758425e077b7c8572c165fa19dbff37b9f79f0e3b1f359f8f3ac08c08fbdfceeffa25428fc2f68412b3c30c453abc9e7648200495ff092ef4f7ffde77e29dd7def8b426382e01048c6bae5b11299f1765fc6c34c4bd55499310dad5333b5101c15e7f9271312b3c19a732d08fb1420daf6287ff77d1169e2ccbd447289bd2173fc28933d5746664ddb96e942cdfd3cacd89050f2931f7a5ffad0effe1621e61081aed1e62c328f79fa45c6d28bf5f2b9c2afbef74fbef88fecdb33bd3da302f093f7de5b993617ff6b2197ff15095c289583e852d590aec8084dadde4c6f7efb5f4faf7bf35bc302688e45fe19b305660a4a214caee7c1b6cc3c07e532c6c924c307cf9349199333337fcc2d4e05ddc739d9dfe09edf83c3f1835f383c3bffe42735dcab08f8f4ef598ee03819a404f00a73afa6d39661eba3dffc7a7af7fff34fd2430f3e104c3f1140cfd5dd19e5d0d43f9c1f8c7ff5f71f7a687472f567e2fd19138037befc8e9546b1f24f00523f33c194ab39227b99592259a35f3484fb1bf7bf33bde0c5df1fc04942f9d28467da2d673361f0bbcc94b96ebef193bbdc1bee2163be80cd1fb2b64228e284933fb2d336b03e1c77626132e1f1b4ec5cadc1c9f5ec41768ed73ddeafb5f01ff711af1004f213ecf75ecd2dbcef3def4a9ffcc807d28c48c67d8e41ccb0548e4754c9518c27d3df2e4e867feb77bf747edfde3d13db332200f7bdf4ae33f8fa7f8d36bc4946cbd04ab9928abc0a303f5f28a53bef7961faa9fb7f31ad6f9cce5038da1b8c87012782a04206afd8270a9759c19f634ac98af8dd37cd393b827dd1063bfdc226e2f7150ce704d9697b5c30f665d781999c9ffdfaed53f9a0e0d97e5c2d3edbbf4cd83221b00fe132e8435803add871473ff5f18fa40ffcce6f011807e1468c18fc2cc628690952ee63642f7ff1bd9f7a602b1a7f9aff3ced0220f3cbe5c27bcac5e20f4d00495308df5a5a0e7f58ae35c202dcfdc217a577fcf4cf02969ae13fa555f8563911c4d5ef2b100a031fff9cf61c47ae1e420b10b37332660583e27485457f0f5338ce934f7cbbef276d2a982742e145b2b00f667b7db51a86fb4fedcfa1bd1943ed8c5bd6a9e8d6f11ff145ecf5ba9cef661b0af517ffec33e9f77ffbdfa40118618e3518f73a21f473c62216b389fdf893f968f6f31ffefa854b71e2d3f8e7691500c3bc42a9f86f8ae5f21ba01a74c2dc474e3e4bcbca90bbeebe37bde3677e3672f6a4cc22559b255c32e212374338cd7886e633ff6aec8fc2d29e0a69c40097e4306f440a6ec79292312ab8128c9099279b5798934a96531eae5287ab094b90315f8609246dde7e4408c73ecff5448ff73c01acc2f1f8cde33dc6ab2b6c0a85fd17eb3cf8e507d2077eef77d360d84f33c61c863d8401e64f06dd349f0e1188f9a7fafde1dffce43737b71fdfe6cdfefcb4090080af9d562befa994ab6f818261ea053b6a6919d32fddcf9c399b7efafe7f3fd59b8d20a2b9001916cc48fad28c60619e8f49194495e2eae3f1fb31777883f9ecf3d7d81ef739e4819d272c7afc3127dcb7b9108093f3e2e08cc9c15cfa174cb7b168d0df8ec3575a161efabb56292c86ed6437e3eee89b56c6df047f5ffcec67d3873ef03e189e09b9c0720c56e81deda612d66e361d7d68bc98fddc073ffbf021673f2ddbd32200af79cd6b4a1be5d9ffcbe0ccfd6abd442a12d397b8e918cc81450d98feefddff4be4f25722049468e1f3f92d409b348e5b3e6615840c86cb25b630e3c16ac99e1decfbe32386007210dc962289737caea7f93dc24034d2eb0a463d2e182793fcc76f9ea2507a8c162bfac077fff97b666160b8fb1460fed158d636278bf41d9ee647bbedafd91fdad56a7ce2631f497ff6e94fc5a8220d46fb3370c164cc18c374043ee8bffbf2b8f2cecf7ef6b34f4b79dad3521378ba9cfea752a576bfc42b48684c5ba2e08ee029753b7b7c9fa6fbdef2ceb4d46ea6d9a81f449bcfff9c887309c9eb8456e143a5abc0d07f322377ac6f390b3ab2f17a2e170497790ecf06e1395eaadb1799ac06061782b3ec2b729c27928eb458c8c3f9184268a8e8ae78711f569d4478a930fa3a1108cf77f3770e361790e33a6857dc7bbcf35b5c923643f0387c3e5ea457fec06bd295c71e4de71f7de458806803c12830feb1285552b558fef93b4b83f31cfeab5ee2666f37dd02fcc40fbfe63f24bcfb67681f1c45f203d4cc488712f2d17b93233ff0ba37a4b7fed4cfc10cc6da614a815469919bd53d842ff5548908a3c3fceb4b6d2b364ca39a0783039271ecc97759a58686258111125ccb7292085290fc4d2ea9bd591490d2580df558058ce36d43cd8eb6e4687ce7edd832b027dae494ac3d2f443fbcbe87db96fd37f51b2f3e4fc7a3c81dd8a6afcc9a703c6ed161e677fdfa3f8bcf4504da012f7fa78759bb28cc683af95bbffde14ffe735abfa9db4d158077bcfeb5afa426efa3dcfdb2687681092b1c6b2a9c08a6adac9d49f7fff27f1ac3b81259e61b076b2a658eb49447f0e2db0c92d512cd08420556684250f8ac90a8895a878c01618443b81cd41170654290319d616604861365167f35b7e5722933c12140109e6b1511842c095588f74805db07982a485558ed6b683bccd7bdd9c76c53788edd05fb02d9873060da19dff0ba5a41805e6621b8873ffdf847d29f7cec83a95c6f47967332c9ee57ba59c34033fb83f1e4c77ee7c31fffdcf1456ecadb4d1380bff98637b4c6b3ee877293d16b67935130d3024c1174c5620c327ce6f65f7fdfdbd24b5ff59a206aa68d9afb2c63a6fa4848b5c8048984827cb4a5f068fa694fe990a8c716218e217c420cf8075bf923c0f44c4d6fc6667fb19d1025ce652f17d1c053251cc78459e630af1d5a8a853811280566064363508763645ce60214564ed062d91a27fb1ed7b62136811dd2c82e2c1aff82f168b861ab57d67a692d7a9da3f4de5fffc769779b91e2e3761605dc0016614cf85c6f009473f9cf8d07f31f7dcf473f7a108ddf843f370d03f43b9bff03b4782dc895044f95ec5e2dd588eb2dc332f4cb15cb31aa77ebdd2f4cfd219601460abb8af86019a5d048bee9dcec202382c12c4c3dbfcd278330bfd27a02b1029c692083c89c2b8125a482412b1534ba746cca15243705e8244f10e6c563393f6b82cf305996c90c854bedd77cabc9462f326f3cc85c44b81418c3c5e805fb14d068cb1678d92842a1802baf0a90a563f430ae83e30377f82d131805b6b9bc965ef9236f4f9ff9a30f830d080bfbdd34ea77b806fdce97080f2950add45f8d7efc8f5ce4eff1ba29db4db1006f78c1d9fbaad5cafb30e7154bafaa303d479ebf5485f9653e4b404cef2b5ef18af4b297bf22d31aba0f1c0aa67927f023e8a6b90e931dfbd80933020f4050074f6488cc95f4fc90310a821765b004f77c2425844adf1b4c84d4fc564208addf5bcc714f0a06175583235124e369d5f3e21c9ad717fbb9c4bd386269341347f11e1087e36574bc60667816fa9409e3b1407a0b278ce6f02c5a304ad06a5888ea719eb288ba820fbeefdfa6fed151dcb3823fec1ea57ee7302c62b1042d2bf509a0f51deffdd8a73ee8e59feaf69405e0a5a74e354f9f6a7c1cc6bf8a8a9e64764fb39f570088f7256eb104f121f45bdef6e369892ca04c949859c247a264e65db6cad83c140913cd39924f02e9f71500e428f3a930ccdf4e981ee89cef9eaf02166098c48dec23d72b72bd5a199b83bbb0185466d9b7096958355c0182755c4b730f4fb9071353a82f7dd55964a19dae22dc858c8b7f6abfb900fb35a3746c881061d914565ad4ddc868b72cac641fe76257d24457c471b9227911d4412cf4677ffa99f4ad871f8e6b4e46a3e81fa62775f6770240174ad584667d3ea5c69bdefb894f60229edaf6945dc0e95bdaff59a3d678558e8ee541f2b9f05b5203c2cd30ebbccf46d3b476f62c44295269db0f8d5238f4f766f1f20b52a0f844cdacff67d3316114df098564264d608ef197fe86f6ca90100abe8f41d76208cd7b4415fec009fc0d2d1d8ec11268fe18ae4c38ae5ac98a422b461ef4618ef075f7197b812932c0585006c577da303dab80e429151fe1cf27661d39c7be4ec002dcb0170acd464d63bfdaec0057581a98ac1cf39fcdbee906b2c21065581029f3153edb5a6f56d36353e69a94183ac69ae5e8a3a25e5f5a4f652caa89a2f97cf2aaf164f7efb2fbd73ceda96c4f4900def48a17dfd568b4feeb3c3e5fe2a98db9f938d36034673141089470b8788a4a9e6a997afb8c9b31223687d10b5e5227afa0401c4dae5cd78c6383c3f45968a16917992b509c0451d56eda8778950a6009933ea64e4fbf5b00f957101e01580e8199f647c12005683a2ea55a0de6805534b1252cc3d2ea7254000f05af7427a48e63c344cbe4895acd95a27fe4eaed3042600d83964c81e456e31e4a5a184fc1128442f0bbec0d41f6de142e8451c15200c2e220fc46385eaf52a000f560332c87350f732728142a01a043c8b544b4335f0cfede5b5f7ec7bffee097ce7feb59138066bdf9f709a136f46b3225374373210af4486523003e08ae44d0ad5603e20fa42a9442f2277d291d9a25751608ce6c44b935122f06905643881555409c9f87aa92de628b32c0515feef9023689a9fb90980a9b278f073df093c250641e4015e46e48aa19a7f49bdfb2e251fb9a4fede5a574666529f509098748c914d33b65a8763831e4cb713dc2308450735ec6b5790b269f44b1cc038857060233cb543cc62da33ee7d7eb811b421843fbb5000881560fdae80ce22b6db39704501557456ee0f26359f887e5990a38b108a56a9b5715c1c722549beb856aed1f70ca7fcceb496f4fda02bcf5352f7f59b55afe0f8cb573dc708e89b40b5265453ae8208d8c29c08c6ee700538fb945ea05338227899ae7d8022e63919f31568e86a6299a594173a18dda01c3d56e781dc72a3926724aecd0bb066a8738a51a1186b74f3f44cf0eafeadb8d0c665c6b0c6232f66e54604e4e8616539d7034da4318108134e9f5b38c20eea2b9722acddbad341ccdd246bd4a5e7e1f177180b9a77d058ef8bc821b51b0bcae9fa3bf305746167181486de4178aa077ec0047e552ad5a4c9dc32384214fde01ff3f62e047f7e5aff4d741a9c00af4b9da5ca2cf5850e824285d2c500ed3c328081282db8202bc976bad5fbaff6dafffbfdef5814f7e81669ed4f6a405805cfaaf60469b53cc66415b0671f3706f3cd2dca9fd097fdb4e6d72fd05c33a34c7126fc3a1f1d8ba796010604cb1d707fa7788d0ccc00845c2384d6c95e3c3e44b780448343e8711d6e847345005a841a83a8c9a9278aad511280836a17d1340ba15e80ad3c669842985947ccf5c121487e9baacccd21c720f8e5374a9f55f3b773a2db75aa9894016e675cc32d939acc298bef7c75a1c049e7b9cc09419d7b2af6ed2614c3f8a600e4dba34719ad988fe4280b4bcd266f40feba2aba1cd629936f81eb582f495eed127cae02bf87aa4492b1445b258452deb1c57e4f0710051eea3b858aecff3c55fe1d2bf1c1d78127f9e541470dfcb5ff4e26ab5f8e9c262dace3a35098d307f9dc3b499f6b5767f855c3f3bd232d9bf17bffa87a1014921b44ff3db23256cbc2e102b63090477a3dea15635730be88a96c263b2b22993286abe84d27a808661ee1cd35ec50a946166368d244752a583208ec2556885b2897e34ac30f0127dcba048ec604fe71c13b13ccce3678e99a7467b89b667c4e203980ac3616a80d4e369a83241f7a42028c0f651d36ce461a2c8d83fb417a11821a4c2d22ad150ad9a8d84763bd6028c5283b079e8703082609b484abaf0ad6fa4cffff1c7c04fc7e31ce0084dbfb71e8925da126778f4bc50edf646f91ffac817bef215bedef0f6a42c40ad52f865c0555ba05323c933c2649745d7920fc9b460b27774984a982e4b9dfab881b835cc56ffe82034b84e9248509847206698ca1240a7d9a8a5a3bdab985104a5d6a62d088616ce46ddcc12a068919e052f2c209ae8bcc431731226637e8ba9dff8f466bbc135d01a8eab21513240f37a92e7afd2474dec048a4e0494742e7c7dcda803f781809a8851d0140ec70a0cef04a186a1823e2529123cb89721cc4032c3ea69e54a68bdc225b30cf716003baf4dc957ea4cc11100e3e6ca06350007a9071e99e5e82b429c0743e9de8c8e2afa3e94477433c5a54c40ff742e8452eb170256c4dd2e46cdc27cfab7e9c17f75c3dce7841b16801f79f5bd1be5f9f417a674dc587702e59d8059e3659ebd22d2e73646f8b83c96c009979a35431fa5b8849bc06fe0f70fd3b88f69746e5d6b0da2e2d3d09a1a4924a301b388de7003ad19606527803373e2460e91288269a131600fcdbdc2029f14412a6d86a941eab4dd5e86fb98db21800e6688a223e9a346233cf085d00ab712e6f7188409fa104aa39129e69d6c456aa0fd45dd16c7552a662a0d0b61150234c4250c3a23da8729e086d40308fb8f63d451f19102566295091c207bf2c9aacf45b51582aef04c884674915a044be4e864aa329f40105b245f25789e804f2686c759ab604820f1c2e3b17ef9dcfdac95f0bf7df4cbe6916f6cbb6101284ed24f81baeff032ce7e916c063a7dc012b37bd2849c7f4ce742a2e764ae4c6386e47213a32e269e9b9ae2e7a76a17446a43d069ff807b6e7218cc440be4476fff6a64fc067c17fcd51b4b6806a6b64ebb10c230af5298315c6a42259f0e7b9095f72abf6b81f6006ebb7b7be14e72023634b0002334d8d8733ea35d5c886f5cc73a058497e364ac4c85cb298f700c602ad969fcf76a84ae825e155e303b44b87a608bce8254ada252c212c2219a4688c91a7a8f0242013143bfa75b3017663bfe3ced0108918cd990981fc1b70a482b354651ec65b1da24efc0e7a296053a97c9170c3a0056a21b7e37fc341c74563316e39672aef40e4efca7bc6e68bb2101c03c167ee445677fa10c134bc6fe105082eafb4c0019b7e6c96a21ec2937eca07c3d009ab8a09a06a4344f3280a65f3b10a4da64bca0b14cc8d6c13fb2688fed62f20f0ea991c31fb30843846233189b2ba3f95cb38c7ba883d2971c632810b6311b2747adc1e9463b2cc200e05404652f2d61416084bcd4e40a00cd494cf4f930a6c6f5f0046cb9d4449844e6ba10acbf47a60e8c370c9c1e3af9932c620b6186b90390b83907c1282d84102cb074a2c9f12c6b5385301b6aa88af807c883c5a95867dfa21d7d9e93b3d08a96b09845dd8920cf8b73dcd1d52bd4091e46561539a35dac0611430525c823bc31d8c6a14c3fc6129877a0c7b9c22fc29f7f0108ce063fbcb5ebd86e48005e77cfca4b0a8bc9eb4a65d3bd48a0c4d6b7d181234c7e158634604ea58a361c13526d30c1e2e61c7d35ce428d1ada55338443921b7c9e8dfb69021107205d051f740b0ec08cd7690b139c070cd6118e7a09edc82c3efe19ad054495218a451dc6f42b30c3282246e9202cbbf0e1c4ea346a3a5a5791a781221d333fa13098e43149643e238fb069ce91b5d0be55b44ff015611fc7d4698f391e6980000f66f879fc346106a16599a8a70eebe93b8c545804c3b2d4684101302cb5cf537f049c94ab8cf061cd6264539789f69b195500e94a84b50a5f950ce014499e622d34f9e686caf45d851b284861b1d2ebfeda5d2bdfc7e5bec4ebbab71b12000ce9db89e79b53b35cc087111aea00c5889b309e9ee62b69fba09b6e358c62c6ae3732444aeb846b7e2e4020c3b45205cd10331001a87555921cd3110c81006534b9c67799aeb0b8cf634cc038a0647a583e4e08b1d42fb05cb4edef8675330452f32ce8e230fa456e029f5eaa045921ac605013aa4b30aaf02aa67567a94fca7ac0cb5d460fd436a416568aa3110acc2d8c343f305e20705890c5144bd32ca55b37ca0827baae1673ded0183f684364c0790a841aee2867e642a8049ed106267c91132ce2cf11960afd27574eda9af38a5847acd20c8cd4c5bd4678c83163685dace01ea0ab425bc6c2968aac69301ad41bf9f9dbb899a74700205cf1f5772ebd6daa39c62fa951c6bb03e3114c6b1dad5a686a71059d11c4eb3943b60c18c377a31d7bdd415a01e8c117408b4897de63ada624568670b4c00d8b9c8b441334c84bc6e226382e8739315e17c029502398a74f2fc2042d49a4a0b124a872f8dd057d8a94320cd6b76b191406b55093c0cca400678679911dc0024c01594c574b9536390518ad897790ca107038414068cb41a2120238c7dcf431c9cd06255b30a50e8e119f284cba4395a144b8a77599e7049f5c9c360d11b57882cc344581702786bf5a116924b8ec012807608a3c51d012194a07ab8ca886b80b6f0212e04ef768bf453fb06e0850b9cc15113072053f019ffe4f940cd87c7ddb755b8057de5ab90bcdfa01335679e838c50ecdb919892fa3cbd8cc40e70882a15f9e38bd4efab7c68d8966c7a8aaa6b80548ab22d91247df3542e34630d3fcbc66df61521541e63aecabb6074a877d9aee323e33d2c51c14809236c7685cca7bcff876f3069ce4f9ba2789de672c40bf6294a26bd0658947dc42ffd91763167c5128bc6609411400cebc5f8470819935569f220582d2b59660d3440fae0d0e0793e9db6cc875bc2e8263a8a8c0982fc8734d0c0a7d401af89c1b9a7380065c6c211046727a442b8f5ede49577b332c0f1694fd5a362a2cc875b45102ac14582a0f2698991442388a45425e1446f7827b78f55fbb7be34e6eeb21efed7ab6eb1680767df9d5245b562731c9919b425acd5851074027c898e93491e465c092be5eff1a8b3a40190b42ca08c2ccbcc1fa2ac765e55653a43f5fce92231e1b7136547268566d10451bc38bccf5a755e27466188516f4b0286a9e665242a91dba97a8b881b7d27f2cc16186986401d10897b834da8eb69843302c8cb13819c235a31084730730718005309433c4dcdf234a89fe9875242f81b5686179b4500a711f3f6c783802c99b6ad675c47c039d3542150359f43dcbf8792df663041ce29e105629585aaa624957314a2bab4bf87bac43441684cd4b95d4275d3decf753a1b614980789e19ec100285091f04665c48e2ed74ae3d7c2f89b2f0030f4f574395589af6b64c950f1c8e299fd2b9090308e6da2f17573e3f4a08e39af91d809930bf3045847dd5e6a912a769854861a83cbf412440ee6715ed408726ce418487b9a95d36f33044a251137cb670543841da958a205e9697b45f2ed18cfd036355d2b20934cc8144f7c34da58e5b31aa7e5d015e9225064840dc68f1d6584b608a97e7c8a35358a5068aa30368fdd6db4cae9cca9367e789a8e06f873dd128098c318fb20c44588aa0c02790fe6f0c3ef23280e2ad9f76e8fec227d729129e7079a33a1e558a00a594d1bcb2dee0941e177230ec35a5063285511d7a125cb61852cb34b64141df8828cd0c8e2db127c4aff92d7756dd76501ce9cc9355ed0daf841f3e8b5f60a8267be1aad46ebe75cd9cf754c3b5d46284c08e9f4601a4454b3a33803a21e1e76536d772fad6dac87764931ac640c9b9a409a72039dae5a04f8aa038a38b709ced0549a4891a97e16b54748c9556460394c25bf231c5157c03e355f236fae9edd0075fd3aa19816c3cf10d7d5c324a4e0518d3b99b4aac070b9d0ac01fd5ee67ec40d7c8c70b58e8b1b52b5334458ec9340d073460843ab9669e51430a75294b07026b004900a08d8355c203da37d819f560ca5c0620e3b57d3fa4a2bdc8749a66ca4114109411c20b8683a02ec209abfe58ab3d444113bf4cdebe523e7b078390a5347a11c6ebde6765d02704b69e36cbdd1ba47d36e9c6ffe9ee95e91d72a01faea84629aca0c6d230880bc2ac7c4b83b49100523d362c2457c5883819639375d202daae64bbc29a25fc57fb71b0817d43764f31c940ecd21fe402344e6165bc85afd32f71dc262e5f118eba011348dac2b32fd66cd40d95140b4d76a9d3271786c5cb3c400128703fe3c978c1a19474ee1fb28b51a84a80c21bb8dba0806febfce3e3188404f8da427081b9840334f3fec7bad49b8864572285ceb30980dd321d14d8b9c450d4130f95545288c0ad47e4741fb088d83575d1243bb284754100132bd7feb2a13c9aefe98543874ae113ab2f258ca6962725a0ee25100b296403749c369312adefbf23b964ed3f547e206aef1e7ba04a0d4aadd8596af65c3b78a314485049a6b8b3234812686cc4f47d886a5304bc6dd60e62bf1d9e15435714c58d384f867cf9ce6861cfe55d3d55ebd0586908334c711b7a399123caa7af89d05a4bc47aecc902ceaa4e9b6d188bbf98872f30ba658e1f0335a84dd0ced8d1fc921d030ade318c023260f34b565081b0b36e0422630a50033b51c46020e2f07d844bb143c8561469bfaf56603d70698b3af02e318d2e59a4e863197affb5110a6a07d27bb389a0864cdd0bf344350ea15d2e6b8991ef5114d705284a2b4674d6591b07a32cf5c0a221fca6228894c673889db196039a491718ec3d2e096b5f5e58d7bb9c99b2700b562f5859833812cb453f6d54e7ac17719e716c3bb983a4d751b4d708856bf24c02980ece1340c2f8736d46bdc38ccb0b023609882a325a02dfda62c3e29f808ff0cf10456d610827b603844158df3af423b12de6161f30b323ffac4be19cc127001add01a433ea5878b702ddf8292dc83a06e4c0e5f01f6dfa4c3c00f56476057208741a38c0a0e239a702d61242f8e5311aadc9759cc195aa990ab9cd2c848c314f012ae6c8655309ba9807a9c8c2f0326b5020b761e4dc046081f87923329a6a178855c032b98870534921ad1e709f7edcd5917e0b58cae222cf59af4c8909a51da02eb1229001f70efb5b66b5a00cc70ee6daf7ec90b6c28902def2107fcd12457d0708b22965a4d401f833d3050bfaff6c045e2f46a6ab708cdb869c339f14107103459eca40d167f8a142c1827066ab83933991659ba66af4c122c59dc21facee70581c0212d03ff1c2051d5cd02ba3fd43e34915f21983dd57588f01d9a0dd3822cd2110f8efe19fe15e92f4bbc2696700b6ba3a079aea12aa60181c38a2010ed65eb0de823fdec7406e910c07740dc6ec8186dda6c9c4b2742c240f961705018fbcbbd0430e4dd7a42f57600b21f3336b2f03ccc484944cf4743cd5c89cf5c7bca3da8dd25dc5414d2d27fb140364aa9d099dee60a2a25d7a5adbbe41b34b0474fb85d5300381b6f9d6e976612d2a14a69e8fda9ed35347d0c6c3e0014e570a21318a2543adba6c86733676588a0a61a09f015b48db679c32cbcb8baba1a51c094410dc19c2ea16afa959b16352137a88d370841d03ec34981958cad623e33ace07d9ad6d550c23a3a2bc1c3a5d08609aa6888fecbf778699e7c61967d37770f7712e889f85a8b8186d1ec00cbd283d1717dfaeffd4e40860a721bb47ed01d714f0a1ab4e13a3507abf4c59c6b199b2ec0ac5d1f0bd3c18a9cd0ad49de0395a520a497813efa1e4241dfcd647a23e28318f22e18ad64426fdb621c0f3127e23dce59e0de849140d24924bcddce5d529a14038fbcfdd5db130a8052c4806a0d2d39e315f9ca45f4f348af2616da8d40cf413cbe1f1c7460103901429b06615029a406a6d151d3be460b0a4781ef9ac5988401435acbcbd01e13c94d4a209750293ba8e4b1484036f9336328178bf42f1839c09d3505d6046465e3987fda888d371327325761519383e194a0c5e685d8bd00c7f89b566781299982518668b7d10d67862b5839b51a96481a187ae673d096f665541b9f7cd41be2d741e4ac06a6866a1923058c464f17591dc11296b2465a796fbf8f200c52979705a0f00bfa709f560f214063e27a697b8465d0c41bad08b89bfcd6679f21a5d7750473729cf0ab80171668d988105bc5a10fe7b8c71afc1a5fcb0a3ca100d048aeb55eafe387c9dec43dab5e412c4d94e149109eb044492c0a5c60b425d7509bdf3169dc38e32630c9011a24d654b2fe90e14ea57917a19180cbcc1758a290a38acf2d3299a40fc23db43c0c82ea16a6e4c0257e031cb1b2c4200a57184044238853244eaa26684c1a09c838d6ad8445c13c21a89820cc7c99c1276f58d0c86e3267589ac35e68538576ade23527011a2319344ebbfb1d1835c28d11f580c2954e85d112b72ac708629be4455aad59dadaa5b803e1a921f823fa39e03cdd9816c0dc8598c6ece8daa95a6a73f10b972e704e079a2878004e68b9ba460d00b41953005140012a8678d411b293e30cb705dae02a124e31b08414aa8c86bc5a5c69a178e32a566f836f17aef6afb9aec0b504c04ed46059d34ea832faea7284833014292c72535a002304b59cfee1b3d0023e07c15415c6c6adc9337cc917690782080e0330aeac710457a08d430461ff804a22b4f8f0c88a9c94ce6dac1035c02808b0747a23987efeb14bdc38085b66d3d6f6ee511621205032bdcdf125cd3d9b5645546edc2cc874f8d5c48b09167802e1202ac75a81bc417ab74d6ea004106badb518766ea4de611f2bc7000de76bd0c856001a29dfa292a38fa5cb51b8a210148babe9d2d6214bc6ee04da77987a0c08955ec6354649482674d0ec53bf483ea5c5d8c82102e83883966b13eba07b722ca30a5da766085114dd99f31fa441a90ab548bcb93aa956c6dc4c248aa08329f90223b2541035d7daab0d0480d642578216ffae3fd712801cf1709d36f4275cd82c54c678d54682b01355c204210c394314b40c2f9a0ebb7d2a725a0c0f53ca8c748ac51dbbee532a9d33f685a076fcb07e946e3b738af17d8162291decf5d3d6e60e6db388045ad9a39cac5e6884f979ec5b1723ec746cbc097a3ebb5ac31a54d3de210326a4866b1047b757c1ae3abbf62afbf49ccb60851a004a64d0390259d3f6caaa4c5ba41d62efc776ba087529addebe862f45bb6b2c5ad1a1c085350b2ab8a00979f712c45e5e6d21300ddae8a55d347377af9b6ebf8d052c59e3e0807d0b0671046b0eebde7e7a39ad2e2da52bdbfb3164eb88e9eeee61da46b017a0bc75ea254d7435709939844337d507dd2b9c735cc73ea9df3249b01a42a800aa2463d2f042479f6bb080eea6dfb5b596b645d530f495df004761144904c5e989b76b0a00b2a92a57048059dc6d342c5a05e881f0054731a10286389c697c6c266fc658795f3f07f39b64c71c3330c962de60440c6e485e2dc3a4ed2be96c03349cba697b87555343a261a3a67682651832e45a22d50a48dc868043cc7c1dc12863972eed4dd3b7c8c3d70154ab6d3293984f31c3b86b6a164d40c85638760de0b8c0476bde07ecb3ee3e8febd1d2d430d5ebb3413ac7730446572ea522da5c98529b00d17b686a9ff32c2d37457c81b0ae8be68db807b391eb4c28195e5da42b848d82af210283c18c5cc7bc324fe73737d357bf793edd7e66990417238754f5acaf94a99d98830730e5fa462a9eba307b7565399de275f1ca3605b3fd58306b04b01b51d9e4a25a03986f3a7a8125e5ea9089dc05343621242e9a534d95e3fe9cf6c66f54d7516878130440ff45be94681a8d57836c730641782a0f8cc62421c15a823ee6fb00b4dcc43ddc716e95f8b99076aeeea51937dd9d75d21e7ed1010febdaf4e532b4ed0c1d1872f9d1417a889bcee146cc8aa975abcb7588c060d3a292ae5ebe20a2486bec2f107958df3f22fc6ae3831beb883a42379de2ee100e1e1815a6b389b55ac394f3a401cacb8e700359082a7a1880dccb9c635c5dc63dddce98fae1a58b61ba8b56321f95d3014c3902b50f61560f049f47c025bd099eb34b2d2c0ab1f9602f9dffda163881100d65d8e738637be64ba48b5fa31612faac738f83ad83b445cedea5f106d06e228844d0495e02124926d1e7fd2151144cd5ff4f509c7dcae76ebfe55c72f2df26f72fe5b56fe6061cb4b234ded4b689a13cd9c2100268ab85361b42c651abfd942d409eec4f017fcb3c0ed03fe15e0eb3e94c9ce97c9096211615a9e1874d81ced1f0d97c98b62e1ce0cf07f846bc477596ce5fda61248e8e020e87d4069aae5d02119741b1b339934220329e38fc6f998116916f7e8aa61df5d3e13efe1c8d6da25103da47ec22c9b24a0856e3dc2256c2322dcdb4f8a38216e8f387a469fb2cbfe65cc086c922fad9c53280a4b2fc0196ab4eba57b4efd2ef8e118c11e06117814593d552666443dc423abdc6d346103cad8740737f773fedb39f1f994d84f021b49af022a95fefd35272e3f93c606d84c59059ceeeb186c0f9fe0b46fc047ea2fc196564c844544647e4009bcbba578ebb7ae97c443c7b5bdbe9f46a3bc0f580f2b9c84f083451baaae124bcd12597008e82654354dcaed6fd290b406e44a5019249a20ec9e546dc9ce62530e953b736f74620a6287409223964b298e6d33226af4185e411b1be7eca824f3560b5b54a5fcd66816435c70a05d6a0c1f91318b68f3f95490dfc1bf10315424416f870ee8ef30923217c8321e715dcca9812f30ea95ba264fa530447e0172dbac4d2e4684f20282ec6993092483f39bf4c35cd0ce62c5540dd5574052b00bbd2ce007564468ef31c71a9cce8198640e2e0d359d0f93e1181a5571d982d739a26b8c8091cce48dfc2c4239e245245e96294d2d46ea74b5f30264430791d32ae68ddb102c27387b80f29eeb44ec1092fa6ac7b30d3a808a5a654dc10917be0df11c79819ea5001bc032834e1a38b8d5a0aac54557c8e5b889a084cb1092fdc324d21c13743000a334b2e1dd1c1fcc1872a1660c814af1aa0694c25aeb90185ad848935cd1975018841003ec7c7652463d80dc6bde7c32ea8f72aa6de9a814aeaa0311506842ce218d1f90e37575f3a9bd6004f0831c733798241ad9c42217834dd87e93dec5e4d3d0e30ec31a79063fe81b98003fcb515c712dbd9cad09363c6691fe41d336c04abf8ea2e42dbe7b8bd438bca0c67d120fa638532124d7e9f7ee17f870c04b986dfb728731bd0b78ec3c7b82905e2910b9b69bb44848009ef72dd11135d16d43e460d3f02e7f438d3c90d84791780d8c337bbde006630f5f0dd5dcae987142c589caad0903f4a7384b0c779ce025e60299181c059487868b5a61f36d0772c8a1180c2dbc19d620dc446d665189e93219cf57a74ea3ab66b8140c11833998623f81c804e2d10914e70606398deb2f69e8e4167424234118997888a5f1e8d63e60aa89bba793285fb084c95b0efcca98db48400e5610c92425ab59b6694842daf6ea4736b8030ccdcfeee56aca0d9ae0238a1401e42cfd16c48129a592489e2e85c01a9b480c4a842808932449c3fc38558ae55c30ac54c1d3479da237423c9a3162b1d7910fd9cc19655328b65dcc9e6be15c095b443386604d202a4e600901d087e608286b06d02933767fb5c0b46c050e73788bcdb1c5f5b5b4997b7f67169081e32e5da40138d174c3ed827e23962a20a61e398fbee1025219da904e8ece0c290afd490e308e70c8154b164aaf321ea608a01164310eb221703ee37cac938c7092b825d240f0b2dc8c6a230c799554835d71cf1c4db350580756cc72cfb32544ac79851c42c7c9f833dd6b7e973222519378cc943da4d7ce4495ae421580d6a740e7629fb2aa6d3f7bc349d669a783371ccb893b60e06985fb04ae3147e964410df761e7a20ed5d790c1d428b30d5537c789487a1fd5ea76911241a9fe746ab8642e005b9ae0512a8616e208273ea6c413104bb045d014e10dc1bb66445b32ba02a02a0f258a181538b6873880ba991832f92c11b51f4b94d59780fcd6ce3f6f4dd2a82a0cfb10e87c09b34e8a4181437cab51a086913869b1e76e8f6e8884c20c3e505accb10ab33a226c2b50e6a54ff2cade18eec258c3f2264559375e753a2ee39d6d18ca2c0b343218df5ff31dac7f1ae511045a6fc1a65e25a06eed9fa4287b429632305c14137450006d321a95952565c0ce63b5fddf4abe6a74842c2a14925b9eff02f66b74a55ef2a93204d77d253c018a08495af4e9dbd2bd6085aa2a86170f94abab07f98f699beb571aa9996d1b4fd87bf901ebaf448e08495b50db283822408994790e0711561981d68b6afa63b6e418818c245b7f1b34ef5064b60c2ad52d604ebc3c7022c3e2808e215134751b14bb95744347c7794b2e44c0ed479ce2ba68be1c6cc33f054611247e008fed529ec9c9817d0f76a7a6182119198285b9b20cbe3d30de8e2b59cf069c806b885662e80d1c275b610de29aecada48ab832caf73c692968b67da462ea527cae77781e51c6eb6a89dd8c6aa38ccdee01eedaeba6d5fc50ce227435e5d83ace0b6b5864723270f28fdd7d8ae690168876296e9aeccd7fc387eee859da460b8c3c809a917b5b88a3b5861981721019117881272e5168f70bb3d2a6fac8ea9c1c919f3f8ae5cdd272c2ca533eb4b4c13eba6bd472ec6e3d896cfdc1919c519d73975663555c8ad5b2d5b50b21124d3a597cf3f9a3ef7cd4be934d5bb6daa93750fceb65d02181a75983fb0dccbbcba90c179799a499325d9281b4c80e812d49136fdb4e310825c35d098df5c82238463cbc368db631d66b682a71ae9580501f30d188ce3acd835a56b1e0092eb065d23c05232770c29e828630d15a03cf315ddad767b6e154c31005b38b239c2fa2c100a07b390175c1b594b0a454a84b265db37054c5fc55a0e30194e9b5115806bf8231a41128826f6e73d6efa3ab66b09c0020b36a6af5bd6f1470a02a21629062df2bd40c72620e0161a2bd1cc5513c5a5edcdbda80e6a33d267fddf88993e3943b67e356d81763bf35abafbcc4adabdf8adb44da6afd95a4aa76f7f6184628edcd59c0103630a98b5e1ce55228a2cfb580045dff5a27bd3fed5abe4010ed29e84c75f962b8d343b1c93b8e9c028880b91047dfad52ed18633929b101a278044a0919a56432d8825b032a963e8e90a658669ea92d544c592110403570880b659836cb88b850f77827c30bfd139feb820aca1f55e4ee3f62c878891afb8461d0699c431476075538ffc8243bf53dc238aacfb46b88916881e2c5a528063d819a135e712009bdf750fe0d3285a8dc92eb429ea8fe88c777ec60258713dd173e902dcf584db350500a862172e97047464c8347f40eff0773342bb6911440fa3105f90bc481d448f74d657cf808c2d06a1549b6cd5ced685d4dd03fda676baeb968df4c837be0c41c8c42d9f498db55598e86006428200ccc7143922e565e2f735aa6eca2474044f257ca920676d99411334709715362f5f3c9f0e1184011ada2026af431467280da647582a700220cbb90433fc6e110be44216fc45d3a1bc2198d10bda87ac848646a64d331ea63eabe2d1b5d8967309f34ee4707632df5ddcc921dc109e2ab9117e77f18698b7c7ef0e1c7142e40e6238194113332970cefd8fd5ceb9aef7621e4113aee63b29c66708e8b6f8c67ede352d7cd2dd691114a0704408bbe3140abb25671e45df2fe180b9f8531780398f3b9a8fe7d38b262b9c08621998d22c08b274bade06819b4881b84326833c86e879aca94b4708cbb8821ec9a111f1aa53a94e6f2ca7cdf30ff38c767205676f4db7300eb0c6f22c26918a802cf40dd883062167128d7c1a44c33c937b6f120eb6283c29f15ae42940219153067def33a57cca2ce4058c7632690e6022332ce434dc42e962c045dc62467048b6cd14af884e8241c330d7ba12cdab8996186839c6115199836971df1433ec8c5f2ba0f5f37df2101ebf981c1126a3beb801fbed5d88471c1fd1807031f6602bb82f2d837ec0df26004c934d9a2e07997449f6412b0589c2f228008efe49578fad0204ec8368c46b58554557b83657e518b2a9e7c967ceb2e134f63fc1764d0bc0b994bd8dce93cd1a16ca85aa9a3087d8d6fdbb241c46935c090c0681b36610c59ea43ee9887ed747b58e0647a06908bc725baacff7d3eea56f91515ba43377df9deebced364aa1200cf3021b8e30629e9bb81013219c82e976a491732170917cfd0cadd8054388f697964fa716b9f3c6dd77b2ecac8b3ced22048478cc08ee62274d186d30b3a6474af5f0c864150447cb9c5b0079492b18f2390985052530c9ccb3e733da845db7c4dbb4ec42f087166b8e6ddbe44b6ba99d967145bbbb57d31e994a3402b6d23fda3c227298c218d047589409ee4f8b696a5b97e37479967b250cc4bd61b114d2661d15837b1d16b5704652b826eeddb117b39732d40cac4216af63b760a1ab5541d65478bedf6311abe96cd41b0dce63101433c5e209b76b0a401ee5ec0e0657569b932df873c714532f60126eb2420879eb1e211fcc236fd79dee04317215a63421c1356ed09227f25ae9f4ec889cfec5340518ae9d53f3cf016c00489cdf32a346b2658392ab989b472b965eebcbc1da716335042b8f59107cb9e0537f77936cdb3ecf193a47551182404a749fac233e84224c3393f4c81085737ae3ddf0cd22768193ceb409139dd0e110abb38d1d36869a9600a50ad6caa155bf7a9fe291816118a06c818b73a2ea690668da66f2100e978f1b32ca77a440a09186757cc0ccabf5a6ae333ee86a9c463e1310924771ecbf8fe0a9c3b653a9200cf4cdf91243a2a8c85fd0b6eec610502be2be011197091ff7676e4210cb35e44b4a3b58a5cd1c93a51313b2ddf144db3505a0c02295a3e6e08024c323e49feed06ce6c100ced0c90ba0906c4d99e9cd0aa6a92253bb4c66ac912062bdbb0e31736bb991f62e3fca3a7d8db47aea4c3a7bee0cda8559e7e9186dd2b73b8cb937082d075816fd234d46462f6af568cfe55efbd83f0b2c2dab1ef4b8c6f480caa3597af4e187d3fad9b30140d7d7d68844890444d210c4c2893902d73ec30a65f84e17a6e2037d269d8a8a30fd22ccb8ec42bff88c60ac395e4146ce0123cdb1aa0430ac34d7228aa8f3206a4e671fc08fe37b074730fe302d964b6963d5671fd0df30fbe401ec074ceb61da5d79acc03d38a35aedd6b4e548922980dc387eddd01a71c70d8913840f51858dcf30f5ab5532dcb37836b29c585d07b31c06d6f39f0800c6e2d1c3e97cbfe07a54ded635b6271400cb8920d66c09774f09d757f9f6e693c7b438ea64a6ab8856c5ac19809ad1814ff02e0874b8fe901130b56bc423d987b30aebf1adc7a2c7fcc8c04c2f9da23af8ea1e8b46c07c27817621666e0a7c013708b62c95c2a38539f726a78c2fac2da39d5883de9471748e6d81bef7b6aeb22c0c21232ea9ce94eb120cc8a66db3580582a00f372730042c59a1a4263b51c33502a5900b4258b8d16670cbba44e3724d3a748709986b5c741e8eec5fd94c9b5759e206657360abc5432fda77dd9558259bb4f58c34372b8a6195d44af1510177d3248e6fd0de90eca6887d8cfb73d8d859ce955a0b0048a26c779bcc27cf51a03773a21574200b09e9b78cd5756975cdf8b95895b988ec85d06a1d50c418aae758c63c1e1ce253ad38947fd7e03ff779edcde9ec1346c21ea8958a6011f41fb36ade9bf804e2305246bcdedddfe6e60f538794aed3b8900fc6c097b8c92683460cf6603245fa1641b8d4cadc100febd0c75cb3026e3a62dcbb471bd502208b0c9a3376c0c991fdeb91173f77fa34295656e43872f91493519a7acd399a8d36ed5fdd610c00130c0ea981fc9d7ba07532a42a80d0cd21906127d4b4e40c131c5c45fbd040ab6a5416416308075a1c1a05a30bf475c45a3e07d42a7cf35be7a3ee6f657d232cc7e6e52dee6b94563736521e5fde3a7d2a34b24b9a7782c95659260a0359bee1ae02be1b790443d2826b03f0db26e3ff93e3f0d54ca7e6cf09b2ce96d6cc6bfd2c61d3eae4f2e456f258493101168020143ac1632426b0194fd1e84da60f141876d84200aecd5a3ce6751c64ee61da1b8dbfb9d66e6fe2836fb14245e0831348653423aa6f19e410c438dd0a2f16e1505fcddbdba24e8ea15b2c84f3de2c0a21b1cc4d3128e3200f868ac5630158a07816839a134d98f513476bb67310d230700a91f2e4e9c74e9640b04dc858ebdf25c49c118a4a8881ab8c412847181798ef0578407c01a5d128040efc3286b8132200db8fe5e82080091a2304d706d684534989b0720f68b1a39d5dea090e283be31052c2cb786c9038bf1f10f76f6f5ee27caec398489e710b13493930d1324929a317917f632d97da1b67520f8cb27de9022e0317798445b0eeafb512e5616ab245b3be33f442ea378b2e02b340672dd6046519137a7b5f7415d02a1d15349343aea632b972381e3dc4edc87c5dc035b7eb118039786ad21df776c6d3952f35aad55b8c4559163c08c793ad90d2ed084f44fd5a1db377d60d5a305234398224c3797207309f6563c68cf2354919932f03083aa002c2478bf36084c2ec3004c0b502ca4cf470045213a83df6ae0cd5ca1ceb4cd93e186226e0240d51c3e4388fbf5268315842e9b60922b51b2be19c39178568133e5a906101867901f1ba33719c65ec18ba8b599ac28e648a66d6dc06a8ddb81c090e70b7bdb54355cf12051cfdb483fb5a3f751adcc3755004cbe323ece3da1dd2d65c09451040667ebf087ed8b8f39eb48c25b3662007032d8ef5da50883e3339157a96cc0108fe105cdd9793604ae60db41c5dcaf001a4a9802bf01de15068bc3f2281071805dc826650249ae4ed89b7eb11b7e957b80000223a4944415480c58855d8404cfdc164fc9946bdf51316821afe14218a485d3fe93c36b383cee92f537f275aaf70c3ae15e0f22f237d2004c19a45fedadf9b8c81a2a8dc0261245d2e5029932faf1252929747600c9f1c0174e5f139d7336b661ec259b33d967173718494a33601abd24525c685665a3f773beb12503ce1d801c73b1983b171d53c03500894005482d30c4286a540830139b48fef07bcba2884d54b0b124ad5324240a4b2d4069c52b6727070902eecb0b83496e6dc3df7a6651e692ffacf97009aa07833905506930624a72c0c8d581ecce2489d3e7c8aff071ca402a973eb21e01d60919b4771cc3368f2bd12eb71105d90b4a281a86aa6ff45329e7584a654a52ddb8b36058cba292a980f0e3fc3e183e0172d3e31ebb35faf2900020980e0e48c053383c117d7568adb4c093f6509b895bf968439fbd550a9ec2451f69b12ae21d55625396134264e921798e33a0c61acd22932a2e7523303e2f31a66ddecdf044034e69c7d6ea88c0f149cd520840b43cdb400106444fd9d890fc7cc4b58910e23769a5f178e3c7b6a3d55971943c06594c428b818933223ced761211368a80915fd3d45a8bc1b19449dbf4c0f9ae8d8103c7e233b9f856d149b16183a6ed59788286e8928c10ca21360cdfc356b6ba9cd507617a9d26f3b425993365c4f2174e8d6452d9c1759c37ac54aa798744bbf05a71387aa15548e8f216d3108fb058df2d1cfc6f9ba32b180804fdc63755651c1b0afb3e9d6ded1e11728bb186dd28c7cbb290270dc88ee78d89d772e23957f4a19d23b1c108a1737bb80c0022e43121748d07c4143b29510d7cf685811025aef5f367c02443aa3c7099a868c7d0b4740cce549977358d7cfdb36d6474306436ed6ef5ccf491766feaaed55d6e821dc23ce3e75eb2d69e3d6db10228e312fc1ece31ce072177fdb230a693248a445d01d41d7f09f7e307523311d42f529245a0893ae3ecd448068e58d514391224fd707522888bfa47eac6e76b0b389a5c32df04b1ea135e12458d34db9848c338aa2044e5f0e8d626979dab06ec1ab5b3c2b0ed2ccebc375037aed78a7630e0e29100aa2eecfcb7b5ef0957d7c0dba0832cd1a1222fee94167700912890eedc6756dd7b400c7adcca684df58c3de51f7e00f99f5f376984135950c37b161d827dcc18cd13305a33cb7e003a9b57215cdf5316f12482b3123672f9b9ddd9288d38b9462b193e8af8339c36c322a66bda065dbae2588c48435918979d0f39c71891a20eb34c5994ec59e746036e6d6851aad53d8c3378a3d2c51b726c1011b611f878620784f91bf90c0088073ec2c577375b012d14564d5606203419832dc5ce37729de8599ae043661a8ba4c7ff3fc261bf49132ca5c0828e098b172412663d6b97f7d8ee1b2b906338ae6efe5b002e0289e99557f8f7db4e170afcc8e48006c20c06607e79bf6cdd2d5211c1ccb3238d3dd83ab7fc868671fb2937b5794ae6fbb2e01d09ce006c6a759517d6f7fff81d5f6ca83f56aed6556ae9828d134cd29aa8014dc00dac26cc258fc88fd0294290b19b86cebe1e161da38ed2c3334199731410b4cf618450cc8c09936add657f8beca0b95e6bf4c8b9548d17c63710b448de062f571f30b9e15c7b8e670367062054d68319a114c80aeb617fe953e99888949a71039d60d82f951ad0ba11d4f306368c6ad10e1158c703fb7998ded737f5e0f417618579f2f48b39e1f3f1838426b6254e13a41aa85d144300ea172304b9a88de150e2b7b33f32f73a1178c363c34ce0ff7200ee0b3cae3778ff5bbed5962e67d3143ea6b972e5ffe32b2dba774e09ad3c11e2f1ad72500c727b8ac6e8f21ccbda3ced1872ac5d2cb0c9f8686698036ee137e31f853e52639c1a55f254089ca174d1da5ea512cd2431b356656d83817bf8589b610f3e2c58b58845c7ae1ddb78776221b2a03e7501e4ef9b7c48a39851041df682145c3102faecb1bbe18d204a1ecaf66b5ccc20c8653e61fdc6698a7004ca66115548857708c8001234dae594653ae1d34dc4497a6dc74ad99b758398c63487fd212c0d106c13a5d18efe0cd2207a8a3c30ab3602e2bd8e01ed837a1fe5fe665d53b992957e3fdcd19bd51c6c63dc5432cd128277ec0e260b202220610fff8b2ff82c94c28b80fee7f776ffbc3ac42be0bf9344992ffbab71b11801999dd4179b5dcdb3fdcfb54abdeb800c8bb4dd3867d406b40e9744c1fa686c7fc750cbda35502969800c9c1dc6668a053c056988a5502913b8871d7edb70736a0a01d2642448863c91572808974b2285ac5b566a06806a5c2f5847673ae9323c71012c489a0f11b9fcdbff7598bd805181c49d3f45a3439a32d7fb334dd99be2e04c54f6411150e088f05888752c148bc56f441938d9c84a509a6f15d0b1142c07e81a4219db5001c491fb82742369f0940f7a081e55df4dbd096e30cedbcee9c85806335313f736e56e78fa07092a63f473b4e1393c9ce6f80acec0ff5ca049ff35825e4c2a5edcb7f8c8cf6a67ba45420d175739f03a5ef756dba813d002da43d1a4d0797a9aafd037dbe00c45c751459c0e00875304dd9b2272476bc118e3194b1b0c2f00a1189048d153c6a4dcc9b8789280e2377148c100bc74a19985e9349169bb658704a8daf107af688dd8768e608621609bd0a947ac70ba267ed612e51d612541913254ca93bd03a71a9103e933c8d866b13135d704d6b10649419b8928b5642e95890126114d3e40c3dd9a78ff6be32d32ea5b977aee12259724919a4d11028b96578ecfac9ba142322af312412883a010f95f248b5382084cf4e7b90fd3cfe27587407e48fdfe23dceb463ccc8ee76decfa25357388a15865c47c203af7fbb110b60ab1396b0eb36cba5aea0a35eabfd24e1ce2d9a539ffd1b396be58f79019a647dedd02408a19c6bdb89e0bdb95803885c410f1760a9989328addd8b0733b1cf25642dd3822598432654b0aae602c46ff9f9024da8e0129c04012253452359b320267688552647e91ac7eab9cd21c0d730abf67341aec19276133766145dc2cec9a1131911f901484f3b3eb0c91140e7e7e9df4dd218ca29a423b4b2c879a68de9400c874fc96262674228b4e94e5cd55cebcfa34640e245fa8e99d430306a0bb8bed3e4752fbe049f81151004fdbb205b80ea4dc9d7f0fffce63031bc87b6a30b8f5d78ec6384c99dee8c108adbe47543db0d09009da0ae32375c5e9a1cf6738b4bdd41efbdd0f6ef6876f57d9a6ef02d3edacf207e7c642c2317b13666921b890745426865dc55375c50c1bb71e40b752179c48247302a6af62080c3c325c6071c5a854f54e0925720b5ec4c1bd7d031ce8f55be203aece6a55582c1a4a6a3d64f42e13b818ee1361c55333c9bc23c902d2286708a0330b76a642cc3e227ee41cd9e790ce0120926a0313ca413441873ae6df55364ecec98d686dc8371bc825c32ef8db5d0028652722f05faac7e0a975d3ed79541acb7e30cc62aac00123b18fee10e382a5e9c104be2707ee67ee0324221bdafee5dfdb747fddee54621f0f550fedc10f739f88604e0b871aba98e982edad9dedfff3869d9fbf0c12fd1348ae8eda4a95da72c21dc847168037a61599537beca5c7e5709f3d2b1342cc4d352b8bc9b2b85e741f916954249989867f62cc924acc390a155f1c4a0c44328c89c9570092566f2ba7eb093430df934af168fc6e45346dae668ac2e47732ad95d3554a6778e876935afb1c0054263a866b58d6962cf70dcc02496a96edbd0847749efc693d021b34bc39b2b18137e5a94195642df9e5d29dc9aa1a62171f806ae2d2610787209ae47b939452cb16025ee420be86296b185d064c0cfb1888816a0abfd1f9354e216ac65f8eaf9cb8ffd11239f472cb8c9220291fecdcebf81bf372c0048194a91eb9fce4ff6e7c5c5ce51bffb9babade5ff06e965152948e74d23882256a9310235e8e325f690c4cfd1213a0a5162993934a0cf7e093834070ec1a58115b3c6fc02ad16851be6dd957a0780c61cdf27fc4bdb78602989a2995974b6b2336c3777b69866d5e7317567a2e22672111ca640f2465f0c37413221b0004ead0dd751358d16b42059a8454e00f7217854339d116432070f0f438ed3af84918e7fc46c6884c1f17aa53e32775c4b7dd4021851f87415dd22cdc7cca59d2b97d31e238cb7dc71274209508546023ea43f42481782d21d44f4419b31308575d1cd721fd32bdb577e937907dbd8cdfd7927c01f27dff876c302707c893115d98768d3c1fee1e1e71ad5fac790e0b78d09774c0cc918d202741633a6c9e3dd95ae8ccf63ee9c0c85205d6ec8e9e36a9e614da886e7711167010bd0868c6cf3b3689794aed3c2090bc9df4bb0b9993fceeb4269ad4987dac0111944b5d199344df2edfa6013264627460b325c333d006b2c912134dfdea20e40028f4850199d644bd72994227adc05edfbf4b01158c5a9e90aa80fa470e0274dc806722e4d221a32ddbf323e63bea9719f04124ac0793abf29296a67472fb3348e21ad4f04113c477d7f987c0781c820d2b778841defba54a32df316acc7f4b1cb5b9b9fc76e1c1c2c265451dc58ec1f1d3cfef3a404e0d80af4ce160abb059e8070f5f0e0bdb0fd65844f67636d1dc2936c839580b63acba638f0e1ed478d1d026261863578ce679f1187e731d72e40a5497581490752483685a61a9bcb4001e310cd70868e6195f3e8adfd93216352c861c6693b2a6960bc5aee31cb3cb9cca79b8831c25c6321ec87d6c0710aa81b21ac826aa461b2069b9f995b986bd975ccf3a35ff64366ac527da4747b4d2d84fdc21f450420f3156c9351fa4befcb2491a563112dc1641faae5f237319f9f13223240d07080d44f74110a43445e0a02bfeb5a55148a6d2f3f7ce1fc6f0178f7b9f62ec5487df9f178a6dec8e7134eddc83927c78e87b9e1417356be8a7c9fdfef767e63b95eff2ff5d8e1f3a0211d0b73a86f7636511142c5235160761ec6479c8f79344aa813963995ca47b3448511281f7e447188834eae3d240a5c02346af95d4ca94e05690db3ed236404452e42a186b9f9300619d358c6b41b8ed1179925e35dc04a218be16a2c8dc3b88ec5cb1c4baeac0930a75016e8617e1d1ef637ef4b64ef041119d7a3844dabe058fd10217106b45aecf3915df93c9b209ab9c458258515cdcd103aba186b0bd297c01db4eb7279c3de6edad9be889b440048a4b5984719c52a5cdb709264d2f4caced66f74fbddc700b5bb0366e173ab3794f809e23ceecf931600986b443028d4c7bb8d6ab1dd1ff73f8d36bd9f88e01d4e6d12d869cb8d9f4d17bb5c5c29cf30287ebcb9c25ac1986a0195e6bace5a016a610da065a286041cc2014ac64db87f883967c6288b462ca1ed8cb55b410b932c03aba0b143267d0e7411ba11cc645d80c84d3a2144e5b046d088c0a8038a734d9762c99254869c5598af678da880ebd9714daffdf7e96182425d8dee44d0a66676b022482580964210ff31fc3ba13e219bac4ab7393647a81bee8fb10b7d822d632999dfc03475cbc1b0480306911c6f007de2161c11e528da6d328ddeb5805c6f41cce142106460df7fe1cae5cf542ab9fd5e774c71da53d37ee5e0490b8027b34d0a2ca4312b16b6617763bfdf7b0f31f81de8f44b1dfad544463284d85b2d77e52f7208109c15b678a6cfcef616924ff60ea65a62e633772470e4006404e74bf4c80b60c2f59b8744083d4cbb0459a02913f20cc6c52e96487a3a3ae56c63d17b1d8b2096d8dbdb0f6ce2b2b5d6f10954a3fe1e017420664218287b547c1f46258305855a9a0ae04ff3de4388d468977317e416606a7be35cbccbe405d8607f8b4805cbe09a7da629ac3c12b8badc0c0da200824840e01233a97ce003d6a444887c68910cee6189e72bf6d1679744328ccd802196857fdd5eefc16f5d78e4b729fcd89f0d0bdb853e335f9ea2f64baca7240058019426376a1f8df65acba506ca563be81dfdfa72bdf5f759d7772343dcfa2f0809d17dba48b9324e7bdb9741cfa665319fd4fb9779e88113370d8348ec2210ac2fa486a20d0e2a91400dcd75657047dce05954f9ccacdb87e0271543265204799a5507697a58224488f0d0b9f6b44d070556f13c02be3b4164c2dc4457337518dbf908c81b4248e4826592b11675066ee11e9c751c237670d175fde010884e01b46c8c5118ae23834d7e4d4943c7005445f7472610eb130fb100085700b21e3721b73ea6d48dd29ec891ecee597686a5a10f76c479108265dccef6f98b8ffd0b26ad6e61c7b63a4723564b2219cac6914f69c3353ee536245479bdce5a4cd5e29d44d1e7eae5ca0fae345b7f97f8b91e712e0cd11508664ceb9eddc0bca1f582b5251683b0145a1f6de248ad1375cfd036cdb299323596ec0d372a88a22da20199a3698c55c0695370a67fd6ef9baa353473b249aca8457bb62b4eb03f32391e1a198a6e6198a124ee821f866a303e5dd7e375c347d36fdb73bf169a4b67c04e2bc4b96aaaeeca90d36572b3d146c02f38231ea2cdf1fc8f02920af8c301206753b978c5c888080bb34df4b18f45f35c3311d2cad091f7fe95ddabff70efe8e0b3b47269349c3e7ab59f76e19b655f4f79bb5902e0fdd5ce2c574f558ad3bb203793771bf72d371aff11e089256f005168954cd3cf4aec33eb54f1f05940a5c6b9c2a80f8d54cb5df3279b63272833cd6c62863a782c481440222c193315024233461375018e03848f8621ba1199aeec88c89dbc2ae34d48210aa1d5a6776d4f923b98e5039964ba09352d8756c1f04c53ad09872781338ce74f9e5c92692c47d34fef45d792c5ea9284cc27fdf044ab875c4a97a6b3b03140a38c9eb2e2c920664c0b9b1442c5c5fbe2e829e0fa9f6feeed7e8484cf164f247964f3206d73c0e066683fed3c351760036e7606e60ec707c3bdfc3ae5783c45fa60d0fd04da536fd7ebbfa4fe7a9cf901d1b4aee188d5426e3bedec61981a526f98638d9e63f9309c615c09a1b0f89c5de9e85882fed051c7c803404ce72b06536ddbab60961d56865d9cee3be00a625b7f0859d14819ac0927bbc7f1270c74e513b5d78c26b713022b62d7295942a61044568ffe3ada67995a93b4750c7e6971b040487758200b5465fe08cb465742281c31a48528e1f241960e074b950eb9865d564f5170a48318c2fb4690e77b9dc3775dd9ddffa362b9b83f990f2f8f9910cd8f37c5f4d34e6c37c5027cbb31901ee16d7ba9503e0713ef4493d6d796d77e72a9defc59884b3d87a3816a3cc48230ab54d7de769615c3d9973d780a932a77641f9a6058287335c35018e258810491d076637c5d8820d35cb9a36911aac5f98809cc97d3f195f6fcaaa687eb80115e259256fc60bf6c4faba240da392d952398b6c9e5e2bbe1a1d3dd6dc31144eb0b2339c367731db66f5d633ca8128189c7d567ad8500c5a36fd91f6b05d1036b1e1f656551855dd3af30d24d056db1d7397af7e5abdbef4350af72dd470f67e3cbc8c911f4c13fddbced2981c0bfdc0d3b07713af5e6780b445e823885ddfdddf721d9b39552fbe73191f0cf81235d022b6bb156c00eab6dde73e7ad08818913b498fd3e292b661ec10bd9e1289d63f2a2734da342a146eaef2db4f0e10a99df77b0463701a3384eed74837f21606a73fc472a224c65bfab816855ccf5c78fb467ce5d41f59f0cd12c6b452c1010ccc5f42c4d9202461f1c8ff0f9bf816330f5662d9d7524f8cb044a0b92a575fdae9b713ce2d2d66e305fa1b712e8585ae7079dce6f5ddad9fe035ce43e18fb12b2b9c5d4c3cecd663eb776735c800d3d6e9b6e324ff2d46272b9c212580b44786777e783747eb2d26aff020b459745f756e41a976fb3e69e047fe15d947313f7221a1052138d197460088ec9641f2e3121bfec587df879c0e104cdc1eac6aa20fa5ab186ffe49a73f85d7143b36a21061f6086e08ec6d1744196397fc340355fad16302a20fa725d8cfd8a95b8619eb399ac04ee131d580c6a5187964babe0ec23c16a03106bcec1469c2063fad791d1b02cb4ebb5ab00d3472f6fa7cbdbb8726810757dfec667228cc95ee7e0dd5b7b7b1fa63ae8801f2f91c8bcb2d3639aa708f869d86eaa0b38e91fc454712a44062bb55ae956f4ed366e74697d79e5b5abcda577623e5b501c2d139cc130186066ee9edbce31056c3d4cb35544ba055702cb9ed5035f6512cc708c3c4aaaf0b13d92447bd41acae44683e40a1716904d08c90cd9b428614d20b08c11a92b507d18a52cd8515f32c0915ead93f5860e0b5bb563e16aace6cd39629718a0a15d415d641869a44da8488f228c74eca0862573cc432b130b6c2208764ca17b6c7b0fe6ebcac514f485b6ec1982dad9dcddfe573bd4f6e3760e704217a893bc08e26712c28d177a70ce756d4f8b0078e51321b8032198d74bb7e00e6ee362648b9b2f5a6bb6de89f6dc1a218f0c427b65b866f7eedb6e492fb8e396f0bd6ab4c02c048177fdb2085cad3144145669e68d1aa4b0fe38aa75740d986cad834c56c844f6324f39505b8dd5e150600aafa114846592e1fc3e25e15424d96311484cbfe2440b440c07d57c1ff8e020105c248f904de87456718c181a11d05e95e16d6b207409fb2c4ff7f0852b5906918ee9be1400ef0545b8b2b97bf5d7b77777bfc6a25507f359f122959e972eb026163776c3553ed2ff7ab7a74d00ecc089106c3478f25aad744b6591bb1516f07ce7f299d566e3e72b85e2ab117d0fe47f969d93611bccf77fc16d67d28a4bd1f2b326dfca1dcdb9c7e93a8c282ca634b56a7e4df42c9872c008bd87b012d75f1094638191e011e2c1209f59a00bb086210485df1422339659d2c8e82443e6628a6315669f081dcc702c088aa14cf65d201963091e2e36609fcf227c0493ffe825d63d1493e066a28854faf08fb5063fbfb3b7f76e328d57885ef647b9c5c5497f72f9e9d67c2e1fdbd32a005ee15808caa7100246e4ce921cd21aac1313b7962ab5fba8c4fd4934b42ae1c28f230c9c14d6e0dca9b574f7b9f5d036991816839fa3e40b2658ad63d5ae9643742e588b76b01296784962e36c740d8ba2a8783cac44003c566bc16ef66a21f0fd3055b3af44187e9a83e067ecb326daa33c1f4ba3c07abcee897d5a0107a4a2de8fabd93f0789ae90ad3fefeadfa691392eeafe4230148ddca83be8ffc1d6fec187b064cc9bcbefce7273997f65bb9748f33ff9215ebb7cbddbd32e0076e458084ab8caf64aa97c9a9bbf857da7d0e01a6b04bfb051aafd0ca6f56e681c9a1d9a1eda8ea6a1a1e7d657d21d673718418388a065876b45d856076b4a7dbc3a3cc65f6b4db299c0ce5394b582395dc988cc5b441a30cff26b2d4d7036ec070ce5da5a07d49bcf5819998cf0e8d3d562133f9a7f3182c265a9bb935e4d3f9ba4325eb072a8470a7bbf3b4d0f5db8448287d5536c877f5a042fc27d8b611e21cc7bcfd160f07504b3bf282cb673d3c525acd8d6651ea042c7285754249ffeed1911006fe358088acc016ab6da95f55c657616f69e81842d88bdd42a95de5c2d96ef439b9b324242ab79120c0e46dcbdce4ca0dbcf300f8fb9041535929fdc9c7524e36a685ef8fbd82fd145096c5808248112f40c53507b13085fdf6c26b0c279b1a0240dbafc1a170cf720c2cfd6226620476cc07e878e5d5ac6d9b8aeeaedb38d06c4fecef7db2443ffc8955d9e26c66368e21eec8267850870be6b428f3fb2d33dfa4304f3006bd32538daa4cce9722737ba0a968dc2ce678af992e61913002fe60643b5aaf5732b69a5902f9d86b967118055e6e6572a85caadcd4ae5edacf2fd2a7c7c41e2e98f4318e0673c2206c6af3292788ae5e2cfae2da5154ac6ace071febf219bf97ae486f2328689c1040a8785252667b4102e393f0cc120fd8b1571e54d5d8878215b7b072d87b151db489b34cddc02f30c804072f351f58430686c74233eade49b9879b5dd444e0ce722763ed832dc057de13e580670fef9fd41f7034c613bcfadb9b8d01ebb371948dabccceaf31c667af76909f568fbafdc9e7101b02708813caa800bda306103df7e1a53b98177a5587fc1b39d2b2f621ad68f32f3f5259a5d336e6aa528dfa049dba870580bb8c4d8ff690a4d1588351eafc22a26580667e3b8fa08c2c070b0553f666a836930dc47d99b5872b8d8d1c1006e5c67c88c2167ef68811c31ccf18c1f976daf32a9d5a784b80aa9c92b7dfb36cbc71b7de8df0de532538fc5d12dd03f41a2631354017dbd371c7df8683c7c30bf988f70145dfa7e9584d026c9a51dfcbd265fa41fc68acfcfe8f6ac08807778e212584aaa5159aa1219cc4ea179acb5925b85cb54702e6a8d62e5c55412bd11affc6270018602eec5962557be3dc004a1c50d967bb5787a98cbb82918f1606616a1b286301e44ed7c03fcb4b456a35dd45a8ba08b6952d8613da0826554e0b073ac4f8869dfa7be601fb32ef3bbd419182e7a0cc4cb8cbb88d0fff15de1a4d4653efb06ab807f9c25ebbe4af5b00b7c9b78d8e3b71df209db2306ff2ce8e0769e317f7f4cbcbff0f6ac09c0492f8e5d42f97493876855ca6bc5fc7c833577d708c09678061e81340375c5d25d0cb0fc20f1b74fc66e4167048817ffa4bcc91e73f36aa1d93b1911a81d1cc1ee88db1580f0f330db68c3f0cf6711c7ac5c18aa55408e602eb38509d7e23bc0cda4912f319c178d743297d5d43b9680a2d30baee7bed9ac839b7aa037197d86f5001f65f7903e5116383fc4ca5de57d673e1aef6e91d6a5352771daeab3ba3deb02e0dd9f588375722755301e05fdab2487d6b50668649b4ec65a9184911bd542e92530f21510ff2ef001eb8c67da1782809a9dbc2b1ab2468d3f11148e0c262b3c0a89dffd4dadf7dd7d0a9288df9c7d246a42004c477334e729641c86d11084c66740fde43c0b4d7fa1839967887987dd53194f16a2c3797b440b571916d91bed0d58eb3c9bbfcfb5bcfcb3be3d2704e0840a08821c2ce1169c30d4ca57cb2b4cd15a6362e43250901a2a5655cfa66ee0198a67b00cf780215e8cebb89d53db1115c8795f41dfcc5564ed0b28b31f15000f52b3b30df6bb93ffd9e00d1f61cf895b8edfe2944c5830e9478c145ea07ee06be080872808dde2723c548332214c3d03553cfc247f809fd95b8c26fb2c07c4c36d98b79f99fb938b1e5ffbd97d7b4e09c009291e2f088dd5d4a46677a9bc98af60cf4310181daca1408c36a2900ceb33d37785dabd33144ddc8e06df8ad6832772cb1474f02ced4cb361670885da2ea34306fc8850c860ff69c78562323e72f41ccb7506ec3ac0776f83f21fa376ef122b9a5c21057d80b0b0206adee2d809833e1c474267963fc05e1ccc72e3c3fe1e6b453d4719ff6d5a3f472cd1497ffec2fbb120145975be4ae0e44cef160f835a622e1f4b36cd5b98552a3c17d5100613c30804d3c9987e28e3f34b64e4788e556185dcc00a8ea0098c6485c1bc915f1910a7c1f03ffc652580458ee52e1686623d006297fcff1eebfe1e507c7288bfef3252d81709701217ca5b0043ea313764d166d62dcd77e6b9d9115a7fc80ae91dd6c4ecb364b1c3822ed6f89cd2f8bf4060be3c272dc0ffaf93aa28e13aaf1205272ed4d1a8e6cacc895cb4008a3cb5a55087f8545a2e2a98eec00bba0a0482f3d066153dd24aa838be8471802cae0c0110d0e3ed8ddef810189e3f6047ec038721565807b3ce3c8985f977c1741fef94ebb3542e0f99cb7598badc23f9d76b1ea5e165cc3cfd94f19cffdcdfbe2304e0f1643cb10a1b68f1a8cd882c4f8b216fc084830525398b1a8facaf4db10a0cd058884cd5758187988324c8eec21193505a8a9c13824fdac573bb4c2f6b6123094a0c32830b99a2d55a060a1489d3f33956a361a587798e6ace1c4be68d063cf4645063317456e53c61fa735adb4feef7f1efdf7102f0173a9f814699caa39b59198e35a32a008622cb6df390ea0a0f962acf0b0b4bef29c92f16e785890babf92c2ac5412b803860339c9a8ff6e7597a9445231c5e98b002d604e7ce8aaf39a62b30dfc7b924cce6a6b464c2186d309cb3c9213db74d7cdce313fcf98e1680c7df1796418df62563158a026165614af17183909dd946a496a33e231e68463a3fb3004cdae1ff826101a726cc07bc9630f73d5204c58334236c33563f79a9e15af7ef08f34e5fafb97dd708c0bfeb4e8f85c29f4e8423637af6fd2f9f72c254dfe3f5ddc4e8bf7cb327dfbfab05e0e4269f7fffab2990f9c1bffaf7e77ff92ea7c0f302f05dcee06bdddef302702d0a7d97fffeff01a1752a0e2197a5ff0000000049454e44ae426082);
INSERT INTO `astrofilo` (`mail`, `nome`, `cognome`, `username`, `password`, `imgprofilo`) VALUES
('marrosi@mail.ti', 'Mario', 'Rossi', 'RommA', '5f4dcc3b5aa765d61d8327deb882cf99', NULL),
('matbo@mail.it', 'Mattia', 'Bottaro', 'MattBott', '5f4dcc3b5aa765d61d8327deb882cf99', 0x89504e470d0a1a0a0000000d4948445200000080000000800806000000c33e61cb0000217749444154789ced9d797454d795eebf7dcebd3568160809895906242663073c2658e07412db891d6728c589d35eaffba5d3dd4eb033bc8e3b7692a26227edc471c6d79dd7e929ddaf93745376b0e389048c858df1480c0824101a40f358f378eb9ebbfb8faa12428829316870fdd662015552dd7bf5edbdcf3efbec7304e4c89123478e1c3972e4c89123478e1c3972e4c89123478e1c3972e4c89123478e1c3972e4c89123478e1c3972e4c89163726106318326fb3e725c42d8e592ecaed3d8ed16a3afa5ff4d993f396622cc4ccc7c8ac0fce54f97f3e76e9f0d0024044017a67fce5aa63019b10980686868c0a64d9b4c00e007eedc68316f82857733e10a1252254cf3eefceffceaf16aa0b81d08663e8200f0d9ae91338029c458c1013011a9b1ef77303b163ef8d9078432be0622c06270ca0409e0b8b0a73e4225db8ffcd37ffe2ad137b80f8496b34b9f469cfb4b725c2c32215d30b3c6cc928898882c2232894875303b22cc5706d8bcdb9f32feab18382ce6547ecd0a472c3391324d23a514332bd3e2b9a9a4565bbde0d62577fff997a494cb35a9dd00a02873a9333aba76691e350770460f670056e67d4700c64a52f23a66be812c73bd49545d4812ac49c401c48acbd86129418204acb48b5b24e0b04c5e3ad0af9a2acad72fa8bbfab2e3bb5e69855d5e8ba47a0140ea4cf79433808bc8b904ef647616a5522b21c4754cbcc1afccab84904b0aa58405200920a952f0b332a114b1dd498eea5a81d7769d7a9df45f74653282a7f4795c585bb312bb5ed92f59962ba839007a71867c2067006f23e72bb82570bd20b101ca5c0f4d2e292471bae099291d110922d220d3a3b55ab014eccc032c6bf4ba040688b03219a37c4b51bcbc7c15000d4a3180d9481bc084e40ce08fe03c42ba33984aad8210d781b0c152e655a4c9c5c5a7096e9e2ef87848802c13aaac12d6ec0a88fe6ec066039833171758ac9254158fa1a5a860b9b3b8a0381e8c180066656f77a267c82581170033d3d6ad5be599923666760698d7074df39e80697afdca6c225dbe5128e58ff38574e9525b9cb214fca661064d43254cc3020022d2884812d1d9f5500a6c7340cdaf06a9d429737e130487a5a8261662763acbcad7ad5d0820019b2c049077a68fcc4580b3c0cce4f57a85cbe5229cf47035e6fdbc18b0d254ea7a26dc1050e67a21c5a282cc189ec0c41e8e893cfc023017d7c0f6daf3a7de6be6ef2b9311ebe9f2f9b2a866e90aec7a79bf842c525025006298200fc819c0189899bc807001e43d83e0416015a505df90165c5e74c147c938bc5a7019d831711eb03a1947be3211af285f05404229e02c79c03bda00ce4bf0546a350b5c4f2436042d731d8971829b06fcc0c5117c3c244096829a53755a1e900e51028bcc84a84cc4702c9d0794c4839114ce9207bca30c201bd2e7b85c3404ef4482e70781550475bd52d60d0165ae93bab6301f34a1e09415fc52fe1c95399a07c89e0e30d9470d209d0798541b0d714b615959f9bab50b4eec7ab909365908433901c4c77fdc8c370066160d80d838b187e7c780d526d4f56c6143c04cad979abe201f129694a3821b9329f81930172f87edd533e401894c1eb07c69ed983ca014690338250f98f407b918b899c5c68606b171e34645441632d3b23ee67c8a85d65824aeb72c6ce88b45d639ecf6054552070b20212492a6c146da48a694e0a38ce60167ae07ac36d279406c6ef96a9c230f983a0ff64792999367e7e39627237a7f3c506d2ada2888deab22e1f768babeb0c0ee840546229940241ae52891925292a66924a51444a4319fc74aca6490ad07cca98235ab1c62b007d04fcd03169a0951198fa1b5a86859a61e9002509af98499350b606681b4a78e86f7be787cb1659ab792a0db95a9ae2b2c287202402219473299e45432a938fd3da31e6e9a269452104240d33448292184c094348431f500d97b1c6c3b350f705a26d5c642dc525836a7eccab50bba1a5e6e963659a426c803a69501304070bba9010d6223006f53f9e892e9febebefcf2a2fc9bc0f4a79665beb7b0a0a0c06485782c866028a08051c505006dfcf218658a2a966521994c4208012925344d8310024434258c810130332ccb82b168396c13af0be08a64d47aba7cbe2ca9ad5ed1d5f0f2014016215d0f38250f983606c02e9724af57c1e3192db502c04020b0d4b2eb77594adde974e6551311a2d12802c180ca8c978288e4855c2b2b762a9582699a931a15b282333388089a10b0dbecd041a0e5ab41ce3cb0a5904d0eb279c0aa6494f29542acbca206e9a19190ce03fac67efe943700662622c1e4f52a76b964786eb24668f6eb3812ac897dfc330b4d87edb622bbd31937120885421611310041e2c2449f88c9880a130a2e75d8901edf4692711c1eee41635f378ef6f7e00bba030b8d1814d16843209340752ac9f3ac140ea69d25eb34c5632e03608a1ac098848e88c8644044eebdfdc184501f81a2e5f91a248a8b50b0fb37e8afb902fef22a1386218410176d6de3624585f311fcd070370ef576e3e8601f86a31138340d8b4a66e186956b51e4ef06bfb507e4cc072c2b9307007656a2261c483dd3d8fcbc040494cabe054cc9218099b6a6ab72189bd0313345befdf9cf158487ee3792e9825b28612848c9e4ef23d1d228306f89468671496e331b159452a349e3854485f315bcb1b71b2d83fd188e84e1d0752c9a5586baa5b55831b70a55c5a5c8838009400d9e00ef7b8991190398c10c362d875d7ea0b569ef43db9ed95b6093c511432501b48fbf9f49370066160d0d0d621391599f11bd83d9e14844aeb752ea43dd4abdcfb6f1d655f88f1f28cb9e979d9b4b0020a941eb6c4172cc5cf852913584734585730b1e43e350370ef575e3e8401f46621138341d8b6795a16e592d565454615e71299ca3d5480bc9548a634a31743bdbe6558b3c878352a6b24044ba14042974d86d08f68f1c427a20d400740318c254290431b34466ce0ec072338bcfc5e3ef36617e9ca3e15ba4cdb634df5180245b30162c83955f2429659c5c0265066b1a64773b281606341d98a42c7d7c5400d16854b0eb3aec24a1232df8702286c6e16e34f675a365a00fc3b1089c9a8ec5b3cbb069f90ad48e115c0148c242226570d4b238b3fc2cecba8d1c3a910e20b66029e28b6b93cece2376e83644638948c8305b0fb474bf71c773af3e2f214b238612488b7f1a936600d9e95b7722b85cb3a44bc5c2f5ace99717d80a91301288c7629ca0b80220505a26acf22a68c75bc07627c0565a6c4d871819841cec85b97019c88803e758527fbb39cdc3a5845d6ab04909c5167ca1208efb7d681eec43cb503f46a2690f5f92117cc5dc2a54159d4b703b3900d2919ec34512f1409fcfdf71a2adb5f9c597f736bff5ec8ea18fe6275706140f3f79a4ebe04b5d8309a4fb002da45bc40770b20a38c98520666280bac281db6c9afee79669bd2f2f3fdf91340dc46331361209c54036a1d3605960471ed4c265d0da9a4e0d604280a211c8ae5698d52bd22d3617b9d1fdf4902ee1b069d0a506d3521889447070b87334691b8946e0d46da89e538ef72c5e86d5f3166041c92c38413001247862c19d0049a417a0228978a0d737d2d1d1dadefceacb2f1ff9cde38f9fd8bf6fdf088068f64b9e051e031000a0161617979696800f9c080681893b81b25c520370338b2d80387cf8b0285a38efbba5cefc6503a10007420113e9f9fa84451a30c35c5c03fb44493e01daf11624375c9c3ce0ac822b85e16804077b3ad3217db00f23d128f26c3a16cf9a83f7d6acc28a8a2a541697c0a9eb30950543990844c21c1482354d639111dc7e8a87c7027d23bef68ef6b6e6575edc73f437dbb68d173c5a5252125abf7e7d60c78e1d11298412940e8a16189dc1a0bf3338fa0834e6514ee3a21bc098d5386b6c8dfe44c0f74412f8120116d2c3d9c41081cc14d4bc25e0fc22e0b43c407f5bf3807379f870248c033d03e9a46db01ffe68144e9b8e25b3cbf12735ab515b5189aae21238741b946521914a2161181c4d2698402c8884cd662387c3413a4998b0108d47033d23fef6f6b6d6e6d7f6bc74f489c77e7de2e0fefda709be76edda604343435808a102810076eedc99cd3fc8e2531e61ace89778671083184c0d80d844648e7dab2f1c2e57c2ba164c37b2c51fd4a45c9a32534cd92ceaac774a28f8fb6f403b7e0c6c77a4f380d16b32229b1f82b9e0329091b8a03c60bce0ba90b0eb633d3c8c63430338949996f96251e4d96c58327b0ed654ce47cd04821b668a5526a40b2261b3dbc9e1704083403c9544241c0ef8fdbef68eb6f6e6d7f6ec3df2ec934f761e3e78f014c14b4b4b83ebd6ad0beed8b123228450e3a69634ee11fe60fed808401973e393d3b94d26a55fb600a02711aa154abed782bad962bed6e9c89bad0b0d092381442281f312dfb2c0f905500b9666f200c7e97940672bcc25b540327156b39e50f031217d2812c65bdd0368ecebc2b1c101f8e251e4e93654cf9e83f7d7ae466d45152a8b8b4f113c6e181c4924c60b4e6304f7f7f574b777b4b637bffef2dea34f3ff9eb13870f1ef6e10c215d08a1fc7eff291e3efe112e5caa89b9600360b75b34a04100c026cf6e337b67d9e91c33535f2cf62eb0fa2003b7b061adcb2f2cd4142c24e2714423112b13f6b363fe795e183097d4c0fee299f280a348de70cb69e29f26b894b06ba77af8efbbfb71a82fede1fe581479367b5af01519c18bce2eb8dd6e277b567023894824ecefebee696b6f6b3bf2fade978f3cf5f8b6cee6c38747906ecc1cf5f0ea75eb826f66041f1fd2c73fc279ff9c2e90f31e029841a0b4b79ff23a402424f78647d613f40f5b96792b84585b9857809495423c16075b96c999fef9f3f2f8092e0edd0631d48b821f7d15941ad3124d04a40c58e5f310bef7db60a9835981d3ebbda7093e1409e1d8d0001a7bbb716ca81ffe580cf9361baacbe66075e502d45654626e51319cba0da6a53221dd3c25a467044f877423816824e2f3fb7ced1d6d6dcdafedd97bf4a96da7081e07101b2ff8c50ae917ca79450097cb2589bc0a0082f77c749960be1ac41b2cc2b5e164927a3fff9082eebcb240b721691a88c7e3088602269face79f92d98fad90c97394efb3e6cf46125c5a0e2e9f0731360fc8d6037c0390437de045cbe0b014744d472a13d25b87fa4f0a1e8f225fb7a3baac1c37adb81cb51595a82c2a815dd7a132829fddc313884422beeeaeeef68ed6b6e6d7f6ee39facce3db3a9b9b9bc70a1e2d2d2d0d65c6f0b010c2f2fbfdd837091e7e2ece69006eb75b783c1ec5ae2be6c4e755ffc262ab2edfa6d94004c504180988fee3f0d55c0e7fc067420891ed8c1d4d45c7082e84804dd3e0d0740822849309a831679c8c0fd9362961d774e84488d9ec48ceab465e5bf384f500adab0d23f396e0f71dc77068a00f2d83fd08c4a328b03bb064f61cdcbcf272d49457626e51665a6629245226622903e1449c01b01482ec99315c422096f1f09eeeeeb68ed6b6e6bd7b5e3afaf4af9fe86a490b3e36690b8df5f04b3586ffb19c3d1c33138330ef879e6bef0a8f7cffefc27dd7869329305881892148503c0663cd55887de67e414612c82c868cf5705dcab4e08210330cf404fc68eaef41f3401feaafbc1a730a8a602813723464ebd0a484619ae80f07d132d88fa6de2eecf7f95037dc8dbf3ef21a22428e6e6bb288909732b06fe1727c7bfe4a94b085eaf2b9585d390f35e5273ddc540a49330543a953166c6c42b0c3e1205db767051ff18df8da8fb7b536ed7d714fcbd34f3cd1d9d2dcecc3380fbfe69a6b02cf3df75c4408614d95907ea19c3502b8bc5e41f550cbbeabbef27ad9dc6b077cddc902669b2292a323b9ae43efeb028503508e7c48b660d774d8350d4210a24903dd011f9afb7b71b8af0727fcc3304c13650585a8ada88253d739df66a342e18061a630100ee1c8401f0ef575a36d7800e14402c54e2796ce2ec7a7afbc0ab5b40ef1f6031063ea0102804184c591001edcf83eae9a35077629d9b41492a6c9d16402e1449c342198443a448108ba106c93d21a3092f2ad9623a196bdafed6b6d3eb267e76f9f3d72b4e96800e33c7cd935d7045ecb08eef7fbb17dfbf629efe1e7e2ac063078f830014021d4ce7e85db5a35a7bcd60c5324d37c901d7f29308cfce17e682bae44341242a77f0447067a71a8af1b9dfe9193829757e2c6e52bb87a763997e6e5b32604059349b1eb58331a7b3ad136328470228e62471e969657e0636bafc2b2f2b9282f28645d48a494e2a432d9985d4e7a578780dd01668b61319b427061c82f1dcaa0a4c381a4699066b723df918742a42b6449cb44341a85048188e04b19b4a3f5987cec85e7a3affcc3bf3c691eebd805a0191378b8dfefc7eb3340f0f19cd5007667e6f2794abdea374cdaefc897ef4e84c063066006c16e291c7a730f1eebe9455f6f270ccb42597e21d794cfc58dcb56f26565e53c2b2f9f344d0a168258084a372f31fcbee1d4734d07e4829259f4b1b5eb79e99c0a94e717c2a6696c28930cd3a4b869524a036c369d0a641e1cabd7c138dec216d92d0148872649131a224287cf30fda66f249e088562b1682c1c8e84fcbe61df70ffc0c0d0bea8bf7640a7ebf20b0a9c52d368606468b8adb1e9b5c127b6ef300787f7dc74d34dc79e9b611e7e2ece9e04a6fbef70952dd9d4a3ec9d07f38a1699817e8bc0278f270343480df1d6c398bd78a5f5c1ebea785159b9282f2c26bba68301320118500884239c4c267de140b0a7b7b7bbbde960e3b15776bfd4f6bd1fffe881eacaaa0511566411c1028141d06103a70c24e271231c0cf942017f7fd770e018f61d52efb73bee28b0e9d2174bb23f11ef1a89194d8f77fb5efce5739f3aee3fd1cefe502800c087f4125102e96e98e0920736ffc4397bf61d76bb0da103879eeafde75f7a18e81444fc4e107c3ce79a0530dc6ef1832f7be2b58f7ce3f56379850b7c52b30a580913991e3406472de6eb3845376eb851a44008a592f045c289583c3e120a06fa87fa06bada5a5b3bdf7af3f5ce1776eceaefece8f001880030000c3ef0f0b7ae1e3692f5b178bc3b1c0a19c3438331ff886f60a0bfbfbfb5e5e8c0a1038dfdfb5e7d757868682890f9bef8cf6fb976db071797ebaff4f99b3fb2eda55999ed3e06d2495a00403f3347344d63d3340980d474dd2c299d1586d400d3025b96b42f2c97de130382d7af17d8b7cfc40c177c3ce79c06d60162376039c07b861c4ed7519b93ae8b85cca4102489845d12d9ed79940c07f0c263bfd8dea1e51d6d79f3f7836fbcf9e6c8be575f1d09068301644443da13e3059595b18db7de1a7bea1fff3121a5b4d65db6fcdee61327beb662d1a2612a299d03a01a69118d317f92353535c6fbefbedbf8f13df71844b47fcc6dda9617141455cf9d1bfe6d5b5b12c0e83412e93a0423d30f672a654a5d034048198691ec1c0cd58fdb32f64ee2dc5539b75bc0e3b16e78f8be359db682a71f183e31fb33297f3e20114fa5104d99fdfe84d1fa74fbc0ee2fbdb0bf0180443a77680710aca9a949def1e083c9873ef949233bbf9f60ca34fa42b62154d775c5e91730d1f76d75b9e49c9583b4111b2de1f18c590c1bf34c6e37c1e3e1cb1ff9fa66a16b752a918a83708d90722933b3198e7640a0d15652aa8cc1fea79abefd7fffdbed76273d1ecfa5ef319b24cebb2c4b00e63dfaa8f33f07f62fbe2611b9f3f72341f16c476fc7bf1d381eea8d2682009205050596e67406ca4b4b7b8eb5b60e6362b1b38c173dfd05696f3ddbbd9d293c9f76f8816beb56e9adaf576bbef3f55f392bcbef50f1385859302351085d837038408220741b465e79e3c9f67ffac5df9010c7d8b24efbac99cadbb11c5cb5c0e9446d515170c7c040f40c9f3d193f4c0233eab66cb1fb0bf9152b9ea05434de4b60875e52f21e33113f61c5931d1094b297cdda103fdeb5f7d84ffef56e12a2fd9d6400170ab9dd6ec1ee3a8db7ba24334fb4b293dd9f30a9d4b9dd1a00acf9ee375c6bbfefe1bc0555ff0b998d116b1ff97adffc4f7ce4a7002a0060cd437ffbc09abfbb3f659f33e70300a6c0dd5f3a2eb483923d1e8f459edd26d57b1511319f14fcbcbb502e05d91a8690e20b89fec103b1aede96952e57dccd2c4082854d73384a4b6dcc4c90f80761b71b15376dbc0340516695fa1d61066f470b2d638a883e8acb25e1f158973ff2d5d524c4f5fedf376e03d0d7f4d8638667fdfa74a7bc6571c2ef5700d0f8d587fd60ebdf0b972efe2834ad96d3dd4653e7792e2233f2983897cb95fe07d9ee4985c223833b5f7c05b3668d80192828384558a1690c80c8543fd08b0a8ae6deb4e9c3603848bc33a2c0cc33000679ebebd5ba87ef2b26213e196d3bfe14802e1e19090300cacb4ff56c66d4d5d5c9fdf73d748c2debb992352bee04b078b236995c6a669c01d46d714b0050d271a79532f2fab7effe1d806112e2cc8a6edc0800645978d85151b668cebbaffe1366d648645b1e672e33ce00766fd9a200100bda9cec1bdc93181c6ca973bbfd18f79b364ef91e8f4781198d7fe379912dabb1e4ea2bef025079e9ee7af2985106e0daba5582086bfecebd8184a81d7af9cd27010cbef8cd6f66cff13b23755bb6480060653d9237afe2aafce5975dc7160b9c2c4ccd48669401c0eb0500261b7dd1f0f94ef8df786b1fe6cf1fce5423cf2ae46e8f4701a060e48417420c546cbafed3004a27581d9c51cc1c0370bb85d7eb556b1fba7f1e117d28d4d4fa04805eeaedcd9e89732eb8ceed96273cff9e60c5ff90b770decd7276f1153c095bcf2f2533c600eab2cf62d7ff4225e266dfb3cfbf0060f84204cc148f08c0ff934ea79af7be4d2e0005990472464681996200b4dbe3512bdd6e1ba4f88b5857dfef543cdee1660e628245a233e2f158aead5bc5c1bff10c32f3af0a6b2f7301a8990aa7835d2c668401d4b9d3533fcda93e04e6aac19d7b9e0130e411e282e3b7379d4710a5ccefe925c5b3e6de74e307c16c9fa951604618c0c6cc4958a46b5f480e8d34468eb5352e5dbad487f348fe4ec3eb556eb79b0efced43875959bb4ad6aefc53000b676a6168fa1b407ae38a75e5c35f5b41426cf0bf75701b80feb6f6f63ff8b888a655ab0800992af51dc7dcf2a5a5d7bc6b1333cb9938259cf606e04a8b0553979b53e1886f60e79ebd983dfb8292bff178ebeb15987138faad9dccd6d1b26bdf7517808a9938259cde0690aefb5b4bdd9b8b04893b23edc79f81525d3c3c1cc185247f1350b7658b8407164ceb51e7bcca773b17cdbf862d8b665a1498d60690a9fbb323bff4939c4a150efcb6613b80a1b3d6fdcf93dd5bd285211e88fe92746da4e24f6ef8148092991605a6b501ecdeb24511005d8acdf1fec1bd89bed1ba3ff0c7aee753ba30d4f8e8a3514d99ff5ab064c16d5a41c19accd03263a2c0f435804cdd7fc977bffeeeb894ab42affdfec98a62fbc88b0f9ebbee7f3eb0db2d1eadea2306b06fe15fb8adfcfc64f9cd377e1c40de4cea1598b606e0cad4fd2f83756fcd407fcfc0de37770f04931d6c315e70d7c9313bce2f0876bb05bb5c923c1e6bfd5ffe2cd5f3d90f95f19ecd5ffcb9afa3a0b266c92d805e3b93a684d3d300dc6ef1b8d7abf0cf3fa95a170bddb22dd63dafebaf3ef8d3a1cfdd761b9039ba86c0bcd525d9ed3eaf676457fa6bc9e3b1c8eb55fecfdfba447de9e3dfaf28b477f852e696be8e9e1d54547859c5fbaeff0033db664a6168d2cf0afe43c8ee565a1d18fadfbfd3f2b4caa33dee3f5b56b5c9a9eb4f86eeb9bd2b9e527fdf1508fd0bd57b8781ccb9460d0d62d3eedda7ecfe7102882925b76c21264ffa0414ffe6dbae2cd06d5f02f88e815822b1b7cfe7bdffc5435b5bfca1d7577ffffa674aae5cf5e9811dbbff1bcca71dbc3c1d999606b0dbe351eb3efb595d91fc6ca06f70e7bddbdffcaf7bb7e39ba17b6f5f6113e2f39a8ddc35734abf19d87cfbfff745623f218fe700325dc29bc361ed25003a9188e3e491b5e1cd1fdde4d4e92b20baa93b1c1bdc7962f0279f7f7effaf13a6d908972b221f7b4c09a5beedacacf84df1da9537040f349d00919aeec3c1b41b02b2fdfec665953733f1fce117f63c35cfe98c31b328fad113cd8e1ffefa7349585520becf2169e382d2c2fd81cd1f7ea9ffaf3f743b00fc64fbf6a441842e93630014dff7890fab2f7fec953c1bed6a0d46967fff8d962d8b7ff6eccd9ff9ed9bdf4898e61e2928c85bbd966216358bd63ccbcc1d73365c7317803933614a38ed22c046c0da0d3069f4c5e4e07053a8e95863f9d2a5434464b1db2db0aa89a8de1b00f043003f4cdcfbb19b7541ff27cf69df16de7c7b6748593fbdd348f29d65fa355ffaeb5b5e3295b5ac6928b8ff57473abff8f0eb2dbf05709c80b82082c50c653151664ae8adaf372f7fe4eb3fcc9b5ff5a3bcaa8af5b1de816732c71c4c5ba697f56636aaaef9ced76aa44d3fd2f7bbdd0f0d3cb7ebdfc66fe76206356ca9939b3cbb474f2a0ddd7bfb0a1bd166c5b88b803c014e36fac27bfffecdd65ffcbcf94403806e4164100075b27f70ec01ac0402d6dd775f913937af3378a0e9a9e33fffefcf9110c1dc56b24b4436fcaf7dd4fde3550f7ec50f296fc62c1465de9ed098b3d97df6ff87bee89af5c043f78edcf8a95bff05c022009a24823819cecfe814d9eb5ffebd2d3f58f5cdaf443487e3fab7e7c9268fe9930370b6e9e3ee0222f1a7d1f6ce67a054278f701867a9fb93d7abc8e3b1b6ba5c92b7bae4ea1f787dbfcc9b9d3844365a98976748294dc52cacb4d79f75875376bb19a5f8475a417e5ec5cd9b6e07e09cce85a1696300d9babf5650f609cb344bfa7f776175ff7aafd7a27aafaa73d769b32c4579003a633191393de4fcb6b6793c96cbe59207beea39cecc4f16adaaf91480eae9dc31346d0c20d3ef0f12e29e44ffd02b899efea3756ef705377dec6e2a6713a3bf7890859417a65e7adb1931f83bf6b2d9f3caeaae7d3f98f5e9ba89645a18806bab2bddeffff0fdd79214978fbcfac6130006deaebaff85e0adaf5770bba9f1cb9e57d952fb66adbfe22e005597f21ede4ea68501646021f52f18be40cfc8de7d6fa0a26284adb761d5ef0f60b40359f1779d5573af285a59f39ee9ba8964ea1b80db2dbcf55eb5fa5b5fad80141f091f6d7d12402f0d0d4531492137bb892415697a82897acaeaaef93480d9d3b13034e50d20eb6dc26efb332b9940eff65dcf03189ae40d1b5ce776cb268fd720cbfa71fec2f9efb3cf297d175b56fafccb69c4943780dd1e8faa73bb3512f457f1eefe5d2a1869776ddd1accbc3d693fecec9430150efdb370d88d8a0fbcb71e40e1743b5d644a1b806beb5609008102eb03002d1a6c78f5370086bc9ff8c4c95f973d59a43791c826cf0f7cacacff285cb6f863d0b415e7b30f712a31a50d60e5e1c3e9f9b9105f4c0e8f1c091d6e3eb868d1a291b7a5e5eb6d20bb890446f2fb7a515171e5cd9b6e03f3b43a5d64ea1a40a6dffff2471e5802a21b03fb9bb601e8efecea4a60aafc70339b480edeff700bb3b5bd78cd8a4f629a6d2299b206303ad522edeb66249a1adaf9c21e4c7ef2771aa39b4852eabb79f3abaa676fb8fab674c7d0f4280c4d5903c856fe842677c68e777b94a1bac01ccebc3d655ccc5b5faf0070594cbca462f1bf3443b1360025d325084cdd7e804c5165ff17bef1cbcc2bda542eb4ecf6784c003f1b7d618ae429e762ca46802caead2e89f472ae79ce2f9e64eadc6eed6c6711e5985cd2c2b85c72edf7dcbd0beffcd8bf02a89a4e19fbc560ca47808b03a9f1c798bf5379871a80554252b3611a8cd1179ba99b045e2c56ae6408fa8d190a9e00609b4e73f61c6f2f76a4f786e478c7e1760b4cf49b0e72bca3c859408e1c3972e4c89123478e1c3972e4c89123478e1c3972e47827f03fbe0048702e7672800000000049454e44ae426082),
('mattslanz@mail.it', 'Matteo', 'Slanzi', 'matnan', '8a82bcfe49dca1e4826c36c7c979bfc2', NULL);

--
-- Trigger `astrofilo`
--
DELIMITER $$
CREATE TRIGGER `eliminagruppo` BEFORE DELETE ON `astrofilo` FOR EACH ROW BEGIN

    CREATE TEMPORARY TABLE supdel(
        idgr INT
    );

    INSERT supdel(idgr)
    SELECT parte.idgr
    FROM parte
    WHERE astrofilo=OLD.mail;

    CREATE TEMPORARY TABLE supdel2(         idgr INT
    );

    INSERT supdel2(idgr)
    SELECT supdel.idgr
    FROM supdel JOIN parte ON supdel.idgr=parte.idgr
    GROUP BY supdel.idgr
    HAVING COUNT(*)<2;

    DELETE FROM gruppo
    WHERE idgr IN (SELECT idgr
                   FROM supdel2) ;
END
$$
DELIMITER ;

-- --------------------------------------------------------

--
-- Struttura della tabella `avvenimenti`
--

CREATE TABLE `avvenimenti` (
  `idavvenimento` int(11) NOT NULL,
  `tipo` varchar(40) NOT NULL,
  `inizio` datetime NOT NULL,
  `fine` datetime DEFAULT NULL
) ENGINE=InnoDB DEFAULT CHARSET=latin1;

--
-- Dump dei dati per la tabella `avvenimenti`
--

INSERT INTO `avvenimenti` (`idavvenimento`, `tipo`, `inizio`, `fine`) VALUES
(1, 'Eclissi lunare parziale', '2017-08-07 15:48:00', '2017-08-07 20:53:00'),
(2, 'Eclissi lunare totale', '2018-01-31 10:50:00', '2018-01-31 16:10:00'),
(3, 'Eclissi solare parziale', '2018-08-11 09:48:28', '2018-08-11 09:54:08'),
(4, 'Eclissi solare parziale', '2009-12-31 19:20:02', '2009-12-31 19:29:25'),
(5, 'Eclissi solare parziale', '2015-09-28 14:44:01', '2015-09-28 14:53:49'),
(6, 'Eclissi lunare totale', '2019-06-21 05:09:30', '2019-06-21 05:16:11'),
(7, 'Eclissi lunare totale', '2000-01-21 04:38:45', '2000-01-21 04:49:31'),
(8, 'Eclissi lunare totale', '2001-01-09 20:13:46', '2001-01-09 20:29:46'),
(9, 'Eclissi lunare parziale', '2023-10-23 20:08:06', '2023-10-23 20:18:06');

-- --------------------------------------------------------

--
-- Struttura della tabella `coinvolto`
--

CREATE TABLE `coinvolto` (
  `id` int(11) NOT NULL,
  `corpo` varchar(40) NOT NULL,
  `evento` varchar(40) NOT NULL,
  `magnitudo` int(11) DEFAULT NULL,
  `altezza` decimal(7,4) DEFAULT NULL,
  `azimut` decimal(7,4) DEFAULT NULL
) ENGINE=InnoDB DEFAULT CHARSET=latin1;

--
-- Dump dei dati per la tabella `coinvolto`
--

INSERT INTO `coinvolto` (`id`, `corpo`, `evento`, `magnitudo`, `altezza`, `azimut`) VALUES
(1, 'Giove', 'Osservazione', 4, '54.2233', '102.0989'),
(2, 'Saturno', 'Osservazione', 3, '45.0000', '45.0000'),
(3, 'Luna', 'Eclissi solare parziale', -2, '43.0000', '89.0000'),
(3, 'Sole', 'Eclissi solare parziale', 16, '44.0200', '89.2516'),
(4, 'Luna', 'Eclissi solare parziale', NULL, NULL, NULL),
(4, 'Sole', 'Eclissi solare parziale', NULL, NULL, NULL),
(5, 'Luna', 'Eclissi solare parziale', -2, '45.2431', '120.0389'),
(5, 'Sole', 'Eclissi solare parziale', 20, '43.2431', '110.2754'),
(6, 'Saturno', 'Osservazione', 4, '45.0000', '45.0000'),
(7, 'Marte', 'Osservazione', 5, '45.0000', '45.0000'),
(8, 'Cassiopea', 'Osservazione', NULL, '12.2100', '70.0000');

-- --------------------------------------------------------

--
-- Struttura della tabella `cometa`
--

CREATE TABLE `cometa` (
  `nome` varchar(40) NOT NULL
) ENGINE=InnoDB DEFAULT CHARSET=latin1;

-- --------------------------------------------------------

--
-- Struttura della tabella `commentafoto`
--

CREATE TABLE `commentafoto` (
  `idcommento` int(11) NOT NULL,
  `astrofilo` varchar(40) NOT NULL,
  `idfoto` int(11) NOT NULL,
  `commento` text NOT NULL,
  `datainserimento` datetime NOT NULL
) ENGINE=InnoDB DEFAULT CHARSET=latin1;

--
-- Dump dei dati per la tabella `commentafoto`
--

INSERT INTO `commentafoto` (`idcommento`, `astrofilo`, `idfoto`, `commento`, `datainserimento`) VALUES
(1, 'matbo@mail.it', 9, 'Bellissima! Che fotocamera hai usato?', '0000-00-00 00:00:00'),
(2, 'marrosi@mail.ti', 9, 'Grazie :) Una reflex', '0000-00-00 00:00:00'),
(4, 'alfmeg@mail.it', 8, 'Vista pure io... stupenda', '2016-12-15 04:19:16');

-- --------------------------------------------------------

--
-- Struttura della tabella `commentastudio`
--

CREATE TABLE `commentastudio` (
  `id` int(11) NOT NULL,
  `astrofilo` varchar(40) NOT NULL,
  `commento` text NOT NULL,
  `studio` int(11) NOT NULL,
  `datainserimento` datetime NOT NULL
) ENGINE=InnoDB DEFAULT CHARSET=latin1;

--
-- Dump dei dati per la tabella `commentastudio`
--

INSERT INTO `commentastudio` (`id`, `astrofilo`, `commento`, `studio`, `datainserimento`) VALUES
(1, 'kobe@mail.com', 'Ciao Gigi! Vedo che ti dai sempre da fare, ci vediamo alle prossime riunioni. Intanto ti auguro tante belle osservazioni!', 1, '0000-00-00 00:00:00'),
(2, 'gigione@gigio.it', 'Hey Kobe, si qui il tempo ultimamente  perfetto e io ne sto approfittando. Ci vediamo in campetto per qualche tiro ;)', 1, '0000-00-00 00:00:00'),
(3, 'fabe@gmail.com', 'Lorem ipsum dolor sit amet, consectetur adipiscing elit. Nunc at elit bibendum, semper felis a, rutrum augue. Mauris at ante tellus. Quisque in sem pulvinar, condimentum nulla fringilla, porttitor purus. Aenean mollis sem quis consectetur suscipit. Nulla non tortor sed urna vestibulum posuere in a lorem. Pellentesque nulla quam, sagittis vitae imperdiet vitae, vehicula a ex. Sed vel nibh nec metus accumsan varius. Suspendisse congue eleifend diam, a pharetra lorem facilisis in. Morbi volutpat ac tortor ac tempor. Quisque eget dolor quam. Quisque et tortor eu purus vehicula mattis sed eget quam. Aliquam viverra lorem nec orci gravida, ut dictum mi imperdiet. Curabitur lorem lectus, ullamcorper et mattis ultricies, consectetur at felis. ', 5, '0000-00-00 00:00:00'),
(4, 'luigibianchi@mail.com', 'Lorem ipsum dolor sit amet, consectetur adipiscing elit. Nunc at elit bibendum, semper felis a, rutrum augue. Mauris at ante tellus. Quisque in sem pulvinar, condimentum nulla fringilla, porttitor purus. Aenean mollis sem quis consectetur suscipit. Nulla non tortor sed urna vestibulum posuere in a lorem. Pellentesque nulla quam, sagittis vitae imperdiet vitae, vehicula a ex. Sed vel nibh nec metus accumsan varius. Suspendisse congue eleifend diam, a pharetra lorem facilisis in. Morbi volutpat ac tortor ac tempor. Quisque eget dolor quam. Quisque et tortor eu purus vehicula mattis sed eget quam. Aliquam viverra lorem nec orci gravida, ut dictum mi imperdiet. Curabitur lorem lectus, ullamcorper et mattis ultricies, consectetur at felis. ', 5, '0000-00-00 00:00:00');

-- --------------------------------------------------------

--
-- Struttura della tabella `corpo`
--

CREATE TABLE `corpo` (
  `nome` varchar(40) NOT NULL
) ENGINE=InnoDB DEFAULT CHARSET=latin1;

--
-- Dump dei dati per la tabella `corpo`
--

INSERT INTO `corpo` (`nome`) VALUES
('Cassiopea'),
('Giove'),
('Luna'),
('Marte'),
('NESSUNA COSTELLAZIONE'),
('Saturno'),
('Sole');

--
-- Trigger `corpo`
--
DELIMITER $$
CREATE TRIGGER `eliminaeventodacorpo` BEFORE DELETE ON `corpo` FOR EACH ROW BEGIN
    DECLARE c varchar(40);
    SET c=OLD.nome;

    CREATE TEMPORARY TABLE supp(
        ID INT
    );

    INSERT supp(ID)
    SELECT id 
    FROM coinvolto
    WHERE corpo=c;    

    DELETE FROM coinvolto
    WHERE id IN (SELECT ID
                 FROM supp);

    DELETE FROM analizzato
    WHERE evento IN (
                     SELECT ID
                 FROM supp);
END
$$
DELIMITER ;

-- --------------------------------------------------------

--
-- Struttura della tabella `costellazione`
--

CREATE TABLE `costellazione` (
  `nome` varchar(40) NOT NULL
) ENGINE=InnoDB DEFAULT CHARSET=latin1;

--
-- Dump dei dati per la tabella `costellazione`
--

INSERT INTO `costellazione` (`nome`) VALUES
('Cassiopea'),
('NESSUNA COSTELLAZIONE');

-- --------------------------------------------------------

--
-- Struttura stand-in per le viste `counteveastr`
--
CREATE TABLE `counteveastr` (
`astrofilo` varchar(20)
,`evento` varchar(40)
,`num` bigint(21)
);

-- --------------------------------------------------------

--
-- Struttura stand-in per le viste `eveastr`
--
CREATE TABLE `eveastr` (
`astrofilo` varchar(20)
,`evento` varchar(40)
);

-- --------------------------------------------------------

--
-- Struttura della tabella `evento`
--

CREATE TABLE `evento` (
  `nome` varchar(40) NOT NULL
) ENGINE=InnoDB DEFAULT CHARSET=latin1;

--
-- Dump dei dati per la tabella `evento`
--

INSERT INTO `evento` (`nome`) VALUES
('Eclissi lunare parziale'),
('Eclissi lunare totale'),
('Eclissi solare parziale'),
('Eclissi solare totale'),
('Osservazione'),
('Transito');

-- --------------------------------------------------------

--
-- Struttura della tabella `foto`
--

CREATE TABLE `foto` (
  `immagine` varchar(200) NOT NULL,
  `titolo` varchar(120) DEFAULT NULL,
  `idfoto` int(11) NOT NULL,
  `didascalia` text,
  `idstudio` int(11) DEFAULT NULL,
  `idastrofilo` varchar(40) DEFAULT NULL,
  `datainserimento` datetime NOT NULL
) ENGINE=InnoDB DEFAULT CHARSET=latin1;

--
-- Dump dei dati per la tabella `foto`
--

INSERT INTO `foto` (`immagine`, `titolo`, `idfoto`, `didascalia`, `idstudio`, `idastrofilo`, `datainserimento`) VALUES
('parti/immagini/patagonia.jpg', 'Cielo della Patagonia', 7, 'Uno scatto dal mio ultimo viaggio in Patagonia: il cielo notturno!', NULL, 'kobe@mail.com', '2015-08-13 11:29:31'),
('parti/immagini/Superluna.jpg', 'Super luna di Novembre 2016', 8, 'La super luna di novembre 2016. Foto scattata dal Monte Gemola, Colli Euganei.', NULL, 'matbo@mail.it', '0000-00-00 00:00:00'),
('parti/immagini/vialattea.jpg', NULL, 9, 'La via lattea!', NULL, 'marrosi@mail.ti', '2016-12-11 10:00:00'),
('parti/immagini/lunagiovevenere.jpg', 'Che trio!', 10, 'La luna, Giove e Venere! ', NULL, 'matbo@mail.it', '2016-12-22 22:25:06');

-- --------------------------------------------------------

--
-- Struttura stand-in per le viste `fotobyrank`
--
CREATE TABLE `fotobyrank` (
`idfoto` int(11)
,`rank` decimal(14,4)
);

-- --------------------------------------------------------

--
-- Struttura della tabella `galassia`
--

CREATE TABLE `galassia` (
  `nome` varchar(40) NOT NULL
) ENGINE=InnoDB DEFAULT CHARSET=latin1;

-- --------------------------------------------------------

--
-- Struttura della tabella `general_log`
--

CREATE TABLE `general_log` (
  `event_time` timestamp NOT NULL DEFAULT CURRENT_TIMESTAMP ON UPDATE CURRENT_TIMESTAMP,
  `user_host` mediumtext NOT NULL,
  `thread_id` bigint(21) UNSIGNED NOT NULL,
  `server_id` int(10) UNSIGNED NOT NULL,
  `command_type` varchar(64) NOT NULL,
  `argument` mediumtext NOT NULL
) ENGINE=CSV DEFAULT CHARSET=utf8 COMMENT='General log';

-- --------------------------------------------------------

--
-- Struttura della tabella `giudica`
--

CREATE TABLE `giudica` (
  `nomeloc` varchar(40) NOT NULL,
  `provloc` char(2) NOT NULL,
  `astrofilo` varchar(40) NOT NULL,
  `voto` int(11) DEFAULT '1'
) ENGINE=InnoDB DEFAULT CHARSET=latin1;

--
-- Dump dei dati per la tabella `giudica`
--

INSERT INTO `giudica` (`nomeloc`, `provloc`, `astrofilo`, `voto`) VALUES
('Lago di Fimon', 'VI', 'alfmeg@mail.it', 5),
('Lago di Fimon', 'VI', 'gigione@gigio.it', 4),
('Lago di Fimon', 'VI', 'marrosi@mail.ti', 1),
('Monte Gemola - Baone', 'PD', 'kobe@mail.com', 5),
('Monte Gemola - Baone', 'PD', 'matbo@mail.it', 4),
('Monte Ricco - Monselice', 'PD', 'alfmeg@mail.it', 1),
('Monte Ricco - Monselice', 'PD', 'gigione@gigio.it', 5),
('Monte Ricco - Monselice', 'PD', 'kobe@mail.com', 4);

--
-- Trigger `giudica`
--
DELIMITER $$
CREATE TRIGGER `ControlloVotoI` BEFORE INSERT ON `giudica` FOR EACH ROW BEGIN
	IF NEW.voto < 1 THEN 
		SET NEW.voto = 1;
	ELSEIF NEW.voto > 5 THEN
		SET NEW.voto = 5;
	END IF;
END
$$
DELIMITER ;
DELIMITER $$
CREATE TRIGGER `ControlloVotoU` BEFORE UPDATE ON `giudica` FOR EACH ROW BEGIN
	IF NEW.voto < 1 OR NEW.voto > 5 THEN 
		SET NEW.voto = OLD.voto;
	END IF;
END
$$
DELIMITER ;

-- --------------------------------------------------------

--
-- Struttura della tabella `giudicafoto`
--

CREATE TABLE `giudicafoto` (
  `votante` varchar(40) NOT NULL,
  `idfoto` int(11) NOT NULL,
  `voto` int(11) NOT NULL,
  `datainserimento` datetime NOT NULL
) ENGINE=InnoDB DEFAULT CHARSET=latin1;

--
-- Dump dei dati per la tabella `giudicafoto`
--

INSERT INTO `giudicafoto` (`votante`, `idfoto`, `voto`, `datainserimento`) VALUES
('astrosam@mail.com', 9, 5, '0000-00-00 00:00:00'),
('marrosi@mail.ti', 7, 4, '0000-00-00 00:00:00'),
('marrosi@mail.ti', 8, 4, '0000-00-00 00:00:00'),
('matbo@mail.it', 7, 3, '0000-00-00 00:00:00'),
('matbo@mail.it', 9, 5, '0000-00-00 00:00:00');

-- --------------------------------------------------------

--
-- Struttura della tabella `giudicastudio`
--

CREATE TABLE `giudicastudio` (
  `votante` varchar(40) NOT NULL,
  `studio` int(11) NOT NULL,
  `voto` int(11) NOT NULL,
  `datainserimento` datetime NOT NULL
) ENGINE=InnoDB DEFAULT CHARSET=latin1;

--
-- Dump dei dati per la tabella `giudicastudio`
--

INSERT INTO `giudicastudio` (`votante`, `studio`, `voto`, `datainserimento`) VALUES
('astrosam@mail.com', 1, 3, '0000-00-00 00:00:00'),
('fabe@gmail.com', 1, 4, '0000-00-00 00:00:00'),
('gigione@gigio.it', 5, 1, '2016-12-13 03:00:00'),
('kobe@mail.com', 1, 3, '0000-00-00 00:00:00'),
('kobe@mail.com', 5, 1, '2016-12-23 08:46:20');

-- --------------------------------------------------------

--
-- Struttura stand-in per le viste `gruppistudi`
--
CREATE TABLE `gruppistudi` (
`gruppo` varchar(40)
,`citta` varchar(40)
,`numero` decimal(42,0)
);

-- --------------------------------------------------------

--
-- Struttura della tabella `gruppo`
--

CREATE TABLE `gruppo` (
  `idgr` int(11) NOT NULL,
  `nome` varchar(40) NOT NULL,
  `citta` varchar(40) NOT NULL,
  `prov` char(2) NOT NULL,
  `immagine` blob
) ENGINE=InnoDB DEFAULT CHARSET=latin1;

--
-- Dump dei dati per la tabella `gruppo`
--

INSERT INTO `gruppo` (`idgr`, `nome`, `citta`, `prov`, `immagine`) VALUES
(1, 'Astrofili del Veneto', 'Mestre', 'VE', NULL),
(2, 'Astrofili Veneziani', 'Mestre', 'VE', NULL),
(3, 'GAP - Giovani astrofili di Padova', 'Padova', 'PD', NULL),
(4, 'Astrofili di Vicenza', 'Vicenza', 'VI', NULL),
(5, 'APA - Astrofili Padovani', 'Vigonza', 'PD', NULL);

-- --------------------------------------------------------

--
-- Struttura della tabella `localita`
--

CREATE TABLE `localita` (
  `nome` varchar(40) NOT NULL,
  `prov` char(2) NOT NULL
) ENGINE=InnoDB DEFAULT CHARSET=latin1;

--
-- Dump dei dati per la tabella `localita`
--

INSERT INTO `localita` (`nome`, `prov`) VALUES
('Lago di Fimon', 'VI'),
('Mestre', 'VE'),
('Monte Gemola - Baone', 'PD'),
('Monte Ricco - Monselice', 'PD'),
('Padova', 'PD'),
('Vicenza', 'VI'),
('Vigonza', 'PD');

-- --------------------------------------------------------

--
-- Struttura stand-in per le viste `locoss`
--
CREATE TABLE `locoss` (
`prov` char(2)
,`loc` varchar(40)
);

-- --------------------------------------------------------

--
-- Struttura stand-in per le viste `locoss2`
--
CREATE TABLE `locoss2` (
`prov` char(2)
,`tot` bigint(21)
);

-- --------------------------------------------------------

--
-- Struttura stand-in per le viste `mediagiudizi`
--
CREATE TABLE `mediagiudizi` (
`astrofilo` varchar(40)
,`media` decimal(14,4)
);

-- --------------------------------------------------------

--
-- Struttura della tabella `nebulosa`
--

CREATE TABLE `nebulosa` (
  `nome` varchar(40) NOT NULL
) ENGINE=InnoDB DEFAULT CHARSET=latin1;

-- --------------------------------------------------------

--
-- Struttura stand-in per le viste `numcor`
--
CREATE TABLE `numcor` (
`ev` varchar(40)
,`ini` datetime
,`fin` datetime
,`studio` int(11)
,`num` bigint(21)
);

-- --------------------------------------------------------

--
-- Struttura stand-in per le viste `numstudi`
--
CREATE TABLE `numstudi` (
`astrofilo` varchar(40)
,`gruppo` varchar(40)
,`citta` varchar(40)
,`num` bigint(21)
);

-- --------------------------------------------------------

--
-- Struttura stand-in per le viste `numtelescopi`
--
CREATE TABLE `numtelescopi` (
`modello` varchar(20)
,`num` bigint(21)
);

-- --------------------------------------------------------

--
-- Struttura della tabella `parte`
--

CREATE TABLE `parte` (
  `idgr` int(11) NOT NULL,
  `astrofilo` varchar(40) NOT NULL,
  `admin` bit(1) NOT NULL DEFAULT b'0'
) ENGINE=InnoDB DEFAULT CHARSET=latin1;

--
-- Dump dei dati per la tabella `parte`
--

INSERT INTO `parte` (`idgr`, `astrofilo`, `admin`) VALUES
(1, 'alfmeg@mail.it', b'1'),
(1, 'astrosam@mail.com', b'0'),
(1, 'fabe@gmail.com', b'0'),
(1, 'kobe@mail.com', b'0'),
(2, 'astrosam@mail.com', b'1'),
(2, 'fabe@gmail.com', b'0'),
(2, 'giova@gmail.com', b'0'),
(3, 'federami@mail.it', b'0'),
(3, 'lucver@mail.com', b'0'),
(3, 'matbo@mail.it', b'1'),
(4, 'alfmeg@mail.it', b'0'),
(4, 'gigione@gigio.it', b'1'),
(5, 'alfmeg@mail.it', b'0'),
(5, 'lucver@mail.com', b'0'),
(5, 'marrosi@mail.ti', b'1');

-- --------------------------------------------------------

--
-- Struttura della tabella `pianeta`
--

CREATE TABLE `pianeta` (
  `nome` varchar(40) NOT NULL,
  `stella` varchar(40) DEFAULT NULL
) ENGINE=InnoDB DEFAULT CHARSET=latin1;

--
-- Dump dei dati per la tabella `pianeta`
--

INSERT INTO `pianeta` (`nome`, `stella`) VALUES
('Giove', 'Sole'),
('Marte', 'Sole'),
('Saturno', 'Sole');

-- --------------------------------------------------------

--
-- Struttura della tabella `provincia`
--

CREATE TABLE `provincia` (
  `sigla` char(2) NOT NULL,
  `nome` varchar(20) NOT NULL
) ENGINE=InnoDB DEFAULT CHARSET=latin1;

--
-- Dump dei dati per la tabella `provincia`
--

INSERT INTO `provincia` (`sigla`, `nome`) VALUES
('PD', 'Padova'),
('RO', 'Rovigo'),
('VE', 'Venezia'),
('VI', 'Vicenza');

-- --------------------------------------------------------

--
-- Struttura stand-in per le viste `relazioni`
--
CREATE TABLE `relazioni` (
`astro1` varchar(40)
,`astro2` varchar(40)
);

-- --------------------------------------------------------

--
-- Struttura della tabella `satellite`
--

CREATE TABLE `satellite` (
  `nome` varchar(40) NOT NULL,
  `pianeta` varchar(40) DEFAULT NULL
) ENGINE=InnoDB DEFAULT CHARSET=latin1;

--
-- Dump dei dati per la tabella `satellite`
--

INSERT INTO `satellite` (`nome`, `pianeta`) VALUES
('Luna', 'Terra');

-- --------------------------------------------------------

--
-- Struttura della tabella `slow_log`
--

CREATE TABLE `slow_log` (
  `start_time` timestamp NOT NULL DEFAULT CURRENT_TIMESTAMP ON UPDATE CURRENT_TIMESTAMP,
  `user_host` mediumtext NOT NULL,
  `query_time` time NOT NULL,
  `lock_time` time NOT NULL,
  `rows_sent` int(11) NOT NULL,
  `rows_examined` int(11) NOT NULL,
  `db` varchar(512) NOT NULL,
  `last_insert_id` int(11) NOT NULL,
  `insert_id` int(11) NOT NULL,
  `server_id` int(10) UNSIGNED NOT NULL,
  `sql_text` mediumtext NOT NULL,
  `thread_id` bigint(21) UNSIGNED NOT NULL
) ENGINE=CSV DEFAULT CHARSET=utf8 COMMENT='Slow log';

-- --------------------------------------------------------

--
-- Struttura stand-in per le viste `sommagiudizi`
--
CREATE TABLE `sommagiudizi` (
`astrofilo` varchar(40)
,`tot` decimal(14,4)
);

-- --------------------------------------------------------

--
-- Struttura della tabella `stella`
--

CREATE TABLE `stella` (
  `nome` varchar(40) NOT NULL,
  `costellazione` varchar(40) DEFAULT 'NESSUNA COSTELLAZIONE'
) ENGINE=InnoDB DEFAULT CHARSET=latin1;

--
-- Dump dei dati per la tabella `stella`
--

INSERT INTO `stella` (`nome`, `costellazione`) VALUES
('Sole', 'NESSUNA COSTELLAZIONE');

-- --------------------------------------------------------

--
-- Struttura della tabella `studia`
--

CREATE TABLE `studia` (
  `idstudio` int(11) NOT NULL,
  `astrofilo` varchar(40) NOT NULL,
  `titolo` varchar(120) DEFAULT NULL,
  `evento` varchar(40) NOT NULL,
  `appunti` varchar(10000) DEFAULT NULL,
  `inizio` datetime NOT NULL,
  `fine` datetime NOT NULL,
  `datainserimento` datetime NOT NULL
) ENGINE=InnoDB DEFAULT CHARSET=latin1;

--
-- Dump dei dati per la tabella `studia`
--

INSERT INTO `studia` (`idstudio`, `astrofilo`, `titolo`, `evento`, `appunti`, `inizio`, `fine`, `datainserimento`) VALUES
(1, 'gigione@gigio.it', 'Giove e la sua macchia', 'Osservazione', 'Sto osservando Giove. Rispetto all''anno scorso, pare che la grande macchia rossa si sia rimpicciolita leggermente.', '2015-08-04 22:32:00', '2015-08-04 22:38:11', '2015-08-13 11:30:00'),
(2, 'gigione@gigio.it', NULL, 'Osservazione', 'Osservo saturno.', '2015-08-12 20:32:00', '2015-08-12 21:15:47', '2015-08-13 11:29:00'),
(3, 'lucver@mail.com', NULL, 'Eclissi solare parziale', NULL, '2009-12-31 19:20:02', '2009-12-31 19:29:25', '2015-09-11 00:00:00'),
(4, 'lucver@mail.com', NULL, 'Eclissi solare parziale', '', '2015-09-28 14:44:01', '2015-09-28 14:53:49', '2015-09-29 00:00:00'),
(5, 'matbo@mail.it', 'Eclissi Solare di Settembre 2015', 'Eclissi solare parziale', 'Lorem ipsum dolor sit amet, consectetur adipiscing elit. Nunc at elit bibendum, semper felis a, rutrum augue. Mauris at ante tellus. Quisque in sem pulvinar, condimentum nulla fringilla, porttitor purus. Aenean mollis sem quis consectetur suscipit. Nulla non tortor sed urna vestibulum posuere in a lorem. Pellentesque nulla quam, sagittis vitae imperdiet vitae, vehicula a ex. Sed vel nibh nec metus accumsan varius. Suspendisse congue eleifend diam, a pharetra lorem facilisis in. Morbi volutpat ac tortor ac tempor. Quisque eget dolor quam. Quisque et tortor eu purus vehicula mattis sed eget quam. Aliquam viverra lorem nec orci gravida, ut dictum mi imperdiet. Curabitur lorem lectus, ullamcorper et mattis ultricies, consectetur at felis. ', '2015-09-28 14:43:23', '2015-09-28 14:52:31', '0000-00-00 00:00:00'),
(6, 'matbo@mail.it', 'In compagnia di Saturno', 'Osservazione', 'Osservo saturno.', '2015-08-12 20:29:00', '2015-08-12 21:12:47', '0000-00-00 00:00:00'),
(7, 'matbo@mail.it', 'Dopo Saturno, ecco Marte!', 'Osservazione', 'Osservo Marte.', '2015-08-12 21:23:00', '2015-08-12 21:50:47', '0000-00-00 00:00:00'),
(8, 'matbo@mail.it', 'Cassiopea, cos lontana...', 'Osservazione', NULL, '2016-07-01 00:00:00', '2016-07-01 00:34:00', '0000-00-00 00:00:00');

--
-- Trigger `studia`
--
DELIMITER $$
CREATE TRIGGER `checkdatastudia1` BEFORE INSERT ON `studia` FOR EACH ROW BEGIN
    IF NEW.inizio > NEW.fine THEN
        SET NEW.fine=ADDTIME(NEW.inizio,'0:1:1');
    END IF; 
END
$$
DELIMITER ;
DELIMITER $$
CREATE TRIGGER `checkdatastudia2` BEFORE UPDATE ON `studia` FOR EACH ROW BEGIN
    IF NEW.inizio > NEW.fine THEN
        SET NEW.fine=ADDTIME(NEW.inizio,'0:1:1');
    END IF; 
END
$$
DELIMITER ;

-- --------------------------------------------------------

--
-- Struttura della tabella `telescopio`
--

CREATE TABLE `telescopio` (
  `modello` varchar(20) NOT NULL,
  `marca` varchar(20) DEFAULT NULL,
  `tipo` varchar(20) DEFAULT NULL
) ENGINE=InnoDB DEFAULT CHARSET=latin1;

--
-- Dump dei dati per la tabella `telescopio`
--

INSERT INTO `telescopio` (`modello`, `marca`, `tipo`) VALUES
('132-ffdxe', 'glasscope', 'Newtoniano'),
('4f3f3', 'watchuniverse', 'Newtoniano');

-- --------------------------------------------------------

--
-- Struttura per la vista `counteveastr`
--
DROP TABLE IF EXISTS `counteveastr`;

CREATE ALGORITHM=UNDEFINED DEFINER=`root`@`localhost` SQL SECURITY DEFINER VIEW `counteveastr`  AS  select `eveastr`.`astrofilo` AS `astrofilo`,`eveastr`.`evento` AS `evento`,count(0) AS `num` from `eveastr` group by `eveastr`.`astrofilo`,`eveastr`.`evento` ;

-- --------------------------------------------------------

--
-- Struttura per la vista `eveastr`
--
DROP TABLE IF EXISTS `eveastr`;

CREATE ALGORITHM=UNDEFINED DEFINER=`root`@`localhost` SQL SECURITY DEFINER VIEW `eveastr`  AS  select `astrofilo`.`username` AS `astrofilo`,`studia`.`evento` AS `evento` from (`studia` join `astrofilo` on((`studia`.`astrofilo` = `astrofilo`.`mail`))) group by `studia`.`astrofilo`,`studia`.`evento`,`studia`.`inizio`,`studia`.`fine` ;

-- --------------------------------------------------------

--
-- Struttura per la vista `fotobyrank`
--
DROP TABLE IF EXISTS `fotobyrank`;

CREATE ALGORITHM=UNDEFINED DEFINER=`root`@`localhost` SQL SECURITY DEFINER VIEW `fotobyrank`  AS  select `giudicafoto`.`idfoto` AS `idfoto`,avg(`giudicafoto`.`voto`) AS `rank` from `giudicafoto` group by `giudicafoto`.`idfoto` order by avg(`giudicafoto`.`voto`) desc ;

-- --------------------------------------------------------

--
-- Struttura per la vista `gruppistudi`
--
DROP TABLE IF EXISTS `gruppistudi`;

CREATE ALGORITHM=UNDEFINED DEFINER=`root`@`localhost` SQL SECURITY DEFINER VIEW `gruppistudi`  AS  select `numstudi`.`gruppo` AS `gruppo`,`numstudi`.`citta` AS `citta`,sum(`numstudi`.`num`) AS `numero` from `numstudi` group by `numstudi`.`gruppo`,`numstudi`.`citta` ;

-- --------------------------------------------------------

--
-- Struttura per la vista `locoss`
--
DROP TABLE IF EXISTS `locoss`;

CREATE ALGORITHM=UNDEFINED DEFINER=`root`@`localhost` SQL SECURITY DEFINER VIEW `locoss`  AS  select distinct `giudica`.`provloc` AS `prov`,`giudica`.`nomeloc` AS `loc` from (`giudica` left join `localita` on((`localita`.`nome` = `giudica`.`nomeloc`))) where (`localita`.`prov` = `giudica`.`provloc`) ;

-- --------------------------------------------------------

--
-- Struttura per la vista `locoss2`
--
DROP TABLE IF EXISTS `locoss2`;

CREATE ALGORITHM=UNDEFINED DEFINER=`root`@`localhost` SQL SECURITY DEFINER VIEW `locoss2`  AS  select `locoss`.`prov` AS `prov`,count(0) AS `tot` from `locoss` group by `locoss`.`prov` ;

-- --------------------------------------------------------

--
-- Struttura per la vista `mediagiudizi`
--
DROP TABLE IF EXISTS `mediagiudizi`;

CREATE ALGORITHM=UNDEFINED DEFINER=`root`@`localhost` SQL SECURITY DEFINER VIEW `mediagiudizi`  AS  select `giudica`.`astrofilo` AS `astrofilo`,avg(`giudica`.`voto`) AS `media` from `giudica` group by `giudica`.`astrofilo` ;

-- --------------------------------------------------------

--
-- Struttura per la vista `numcor`
--
DROP TABLE IF EXISTS `numcor`;

CREATE ALGORITHM=UNDEFINED DEFINER=`root`@`localhost` SQL SECURITY DEFINER VIEW `numcor`  AS  select `coinvolto`.`evento` AS `ev`,`studia`.`inizio` AS `ini`,`studia`.`fine` AS `fin`,`studia`.`idstudio` AS `studio`,count(0) AS `num` from (`coinvolto` join `studia` on((`coinvolto`.`id` = `studia`.`idstudio`))) group by `coinvolto`.`evento`,`studia`.`inizio`,`studia`.`fine` ;

-- --------------------------------------------------------

--
-- Struttura per la vista `numstudi`
--
DROP TABLE IF EXISTS `numstudi`;

CREATE ALGORITHM=UNDEFINED DEFINER=`root`@`localhost` SQL SECURITY DEFINER VIEW `numstudi`  AS  select `studia`.`astrofilo` AS `astrofilo`,`gruppo`.`nome` AS `gruppo`,`gruppo`.`citta` AS `citta`,count(0) AS `num` from ((`studia` join `parte` on((`studia`.`astrofilo` = `parte`.`astrofilo`))) join `gruppo` on((`parte`.`idgr` = `gruppo`.`idgr`))) group by `studia`.`astrofilo`,`gruppo`.`nome`,`gruppo`.`citta` ;

-- --------------------------------------------------------

--
-- Struttura per la vista `numtelescopi`
--
DROP TABLE IF EXISTS `numtelescopi`;

CREATE ALGORITHM=UNDEFINED DEFINER=`root`@`localhost` SQL SECURITY DEFINER VIEW `numtelescopi`  AS  select `analizzato`.`telescopio` AS `modello`,count(`analizzato`.`telescopio`) AS `num` from `analizzato` group by `analizzato`.`telescopio` ;

-- --------------------------------------------------------

--
-- Struttura per la vista `relazioni`
--
DROP TABLE IF EXISTS `relazioni`;

CREATE ALGORITHM=UNDEFINED DEFINER=`root`@`localhost` SQL SECURITY DEFINER VIEW `relazioni`  AS  select `parte`.`astrofilo` AS `astro1`,`p`.`astrofilo` AS `astro2` from (`parte` join `parte` `p` on((`parte`.`idgr` = `p`.`idgr`))) where (`parte`.`astrofilo` <> `p`.`astrofilo`) ;

-- --------------------------------------------------------

--
-- Struttura per la vista `sommagiudizi`
--
DROP TABLE IF EXISTS `sommagiudizi`;

CREATE ALGORITHM=UNDEFINED DEFINER=`root`@`localhost` SQL SECURITY DEFINER VIEW `sommagiudizi`  AS  select `giudica`.`astrofilo` AS `astrofilo`,avg(`giudica`.`voto`) AS `tot` from `giudica` group by `giudica`.`astrofilo` ;

--
-- Indici per le tabelle scaricate
--

--
-- Indici per le tabelle `altro`
--
ALTER TABLE `altro`
  ADD PRIMARY KEY (`nome`);

--
-- Indici per le tabelle `analizzato`
--
ALTER TABLE `analizzato`
  ADD PRIMARY KEY (`telescopio`,`corpo`,`evento`),
  ADD KEY `corpo` (`telescopio`),
  ADD KEY `evento` (`telescopio`),
  ADD KEY `analizzato_ibfk_2` (`corpo`),
  ADD KEY `analizzato_ibfk_3` (`evento`);

--
-- Indici per le tabelle `asteroide`
--
ALTER TABLE `asteroide`
  ADD PRIMARY KEY (`nome`);

--
-- Indici per le tabelle `astrofilo`
--
ALTER TABLE `astrofilo`
  ADD PRIMARY KEY (`mail`);

--
-- Indici per le tabelle `avvenimenti`
--
ALTER TABLE `avvenimenti`
  ADD PRIMARY KEY (`idavvenimento`),
  ADD KEY `tipo` (`tipo`);

--
-- Indici per le tabelle `coinvolto`
--
ALTER TABLE `coinvolto`
  ADD PRIMARY KEY (`id`,`corpo`),
  ADD KEY `evento` (`evento`),
  ADD KEY `coinvolto_ibfk_1` (`corpo`),
  ADD KEY `id` (`id`);

--
-- Indici per le tabelle `cometa`
--
ALTER TABLE `cometa`
  ADD PRIMARY KEY (`nome`);

--
-- Indici per le tabelle `commentafoto`
--
ALTER TABLE `commentafoto`
  ADD PRIMARY KEY (`idcommento`),
  ADD KEY `astrofilo` (`astrofilo`,`idfoto`),
  ADD KEY `idfoto` (`idfoto`);

--
-- Indici per le tabelle `commentastudio`
--
ALTER TABLE `commentastudio`
  ADD PRIMARY KEY (`id`),
  ADD KEY `astrofilo` (`astrofilo`),
  ADD KEY `studio` (`studio`);

--
-- Indici per le tabelle `corpo`
--
ALTER TABLE `corpo`
  ADD PRIMARY KEY (`nome`);

--
-- Indici per le tabelle `costellazione`
--
ALTER TABLE `costellazione`
  ADD PRIMARY KEY (`nome`);

--
-- Indici per le tabelle `evento`
--
ALTER TABLE `evento`
  ADD PRIMARY KEY (`nome`);

--
-- Indici per le tabelle `foto`
--
ALTER TABLE `foto`
  ADD PRIMARY KEY (`idfoto`),
  ADD KEY `idstudio` (`idstudio`),
  ADD KEY `idastrofilo` (`idastrofilo`);

--
-- Indici per le tabelle `galassia`
--
ALTER TABLE `galassia`
  ADD PRIMARY KEY (`nome`);

--
-- Indici per le tabelle `giudica`
--
ALTER TABLE `giudica`
  ADD PRIMARY KEY (`nomeloc`,`provloc`,`astrofilo`),
  ADD KEY `astrofilo` (`astrofilo`);

--
-- Indici per le tabelle `giudicafoto`
--
ALTER TABLE `giudicafoto`
  ADD PRIMARY KEY (`votante`,`idfoto`),
  ADD KEY `votante` (`votante`,`idfoto`),
  ADD KEY `idfoto` (`idfoto`);

--
-- Indici per le tabelle `giudicastudio`
--
ALTER TABLE `giudicastudio`
  ADD PRIMARY KEY (`votante`,`studio`),
  ADD KEY `studio` (`studio`),
  ADD KEY `votante` (`votante`);

--
-- Indici per le tabelle `gruppo`
--
ALTER TABLE `gruppo`
  ADD PRIMARY KEY (`idgr`,`nome`,`citta`),
  ADD KEY `idgr` (`idgr`),
  ADD KEY `citta` (`citta`,`prov`);

--
-- Indici per le tabelle `localita`
--
ALTER TABLE `localita`
  ADD PRIMARY KEY (`nome`,`prov`),
  ADD KEY `prov` (`prov`);

--
-- Indici per le tabelle `nebulosa`
--
ALTER TABLE `nebulosa`
  ADD PRIMARY KEY (`nome`);

--
-- Indici per le tabelle `parte`
--
ALTER TABLE `parte`
  ADD PRIMARY KEY (`idgr`,`astrofilo`),
  ADD KEY `astrofilo` (`astrofilo`);

--
-- Indici per le tabelle `pianeta`
--
ALTER TABLE `pianeta`
  ADD PRIMARY KEY (`nome`);

--
-- Indici per le tabelle `provincia`
--
ALTER TABLE `provincia`
  ADD PRIMARY KEY (`sigla`);

--
-- Indici per le tabelle `satellite`
--
ALTER TABLE `satellite`
  ADD PRIMARY KEY (`nome`);

--
-- Indici per le tabelle `stella`
--
ALTER TABLE `stella`
  ADD PRIMARY KEY (`nome`),
  ADD KEY `costellazione` (`costellazione`);

--
-- Indici per le tabelle `studia`
--
ALTER TABLE `studia`
  ADD PRIMARY KEY (`idstudio`),
  ADD KEY `idstudio` (`idstudio`),
  ADD KEY `studia_ibfk_1` (`astrofilo`),
  ADD KEY `studia_ibfk_2` (`evento`);

--
-- Indici per le tabelle `telescopio`
--
ALTER TABLE `telescopio`
  ADD PRIMARY KEY (`modello`);

--
-- AUTO_INCREMENT per le tabelle scaricate
--

--
-- AUTO_INCREMENT per la tabella `avvenimenti`
--
ALTER TABLE `avvenimenti`
  MODIFY `idavvenimento` int(11) NOT NULL AUTO_INCREMENT, AUTO_INCREMENT=10;
--
-- AUTO_INCREMENT per la tabella `commentafoto`
--
ALTER TABLE `commentafoto`
  MODIFY `idcommento` int(11) NOT NULL AUTO_INCREMENT, AUTO_INCREMENT=5;
--
-- AUTO_INCREMENT per la tabella `commentastudio`
--
ALTER TABLE `commentastudio`
  MODIFY `id` int(11) NOT NULL AUTO_INCREMENT, AUTO_INCREMENT=5;
--
-- AUTO_INCREMENT per la tabella `foto`
--
ALTER TABLE `foto`
  MODIFY `idfoto` int(11) NOT NULL AUTO_INCREMENT, AUTO_INCREMENT=11;
--
-- AUTO_INCREMENT per la tabella `gruppo`
--
ALTER TABLE `gruppo`
  MODIFY `idgr` int(11) NOT NULL AUTO_INCREMENT, AUTO_INCREMENT=6;
--
-- AUTO_INCREMENT per la tabella `studia`
--
ALTER TABLE `studia`
  MODIFY `idstudio` int(11) NOT NULL AUTO_INCREMENT, AUTO_INCREMENT=9;
--
-- Limiti per le tabelle scaricate
--

--
-- Limiti per la tabella `altro`
--
ALTER TABLE `altro`
  ADD CONSTRAINT `altro_ibfk_1` FOREIGN KEY (`nome`) REFERENCES `corpo` (`nome`) ON DELETE CASCADE ON UPDATE CASCADE;

--
-- Limiti per la tabella `analizzato`
--
ALTER TABLE `analizzato`
  ADD CONSTRAINT `analizzato_ibfk_1` FOREIGN KEY (`telescopio`) REFERENCES `telescopio` (`modello`) ON UPDATE CASCADE,
  ADD CONSTRAINT `analizzato_ibfk_2` FOREIGN KEY (`corpo`) REFERENCES `corpo` (`nome`) ON DELETE CASCADE ON UPDATE CASCADE,
  ADD CONSTRAINT `analizzato_ibfk_3` FOREIGN KEY (`evento`) REFERENCES `coinvolto` (`id`) ON DELETE CASCADE ON UPDATE CASCADE;

--
-- Limiti per la tabella `asteroide`
--
ALTER TABLE `asteroide`
  ADD CONSTRAINT `asteroide_ibfk_1` FOREIGN KEY (`nome`) REFERENCES `corpo` (`nome`) ON DELETE CASCADE ON UPDATE CASCADE;

--
-- Limiti per la tabella `avvenimenti`
--
ALTER TABLE `avvenimenti`
  ADD CONSTRAINT `avvenimenti_ibfk_1` FOREIGN KEY (`tipo`) REFERENCES `evento` (`nome`);

--
-- Limiti per la tabella `coinvolto`
--
ALTER TABLE `coinvolto`
  ADD CONSTRAINT `coinvolto_ibfk_1` FOREIGN KEY (`corpo`) REFERENCES `corpo` (`nome`) ON DELETE CASCADE ON UPDATE CASCADE,
  ADD CONSTRAINT `coinvolto_ibfk_2` FOREIGN KEY (`evento`) REFERENCES `evento` (`nome`) ON UPDATE CASCADE,
  ADD CONSTRAINT `coinvolto_ibfk_3` FOREIGN KEY (`id`) REFERENCES `studia` (`idstudio`) ON DELETE CASCADE ON UPDATE CASCADE;

--
-- Limiti per la tabella `cometa`
--
ALTER TABLE `cometa`
  ADD CONSTRAINT `cometa_ibfk_1` FOREIGN KEY (`nome`) REFERENCES `corpo` (`nome`) ON DELETE CASCADE ON UPDATE CASCADE;

--
-- Limiti per la tabella `commentafoto`
--
ALTER TABLE `commentafoto`
  ADD CONSTRAINT `commentafoto_ibfk_1` FOREIGN KEY (`astrofilo`) REFERENCES `astrofilo` (`mail`),
  ADD CONSTRAINT `commentafoto_ibfk_2` FOREIGN KEY (`idfoto`) REFERENCES `foto` (`idfoto`);

--
-- Limiti per la tabella `commentastudio`
--
ALTER TABLE `commentastudio`
  ADD CONSTRAINT `commentastudio_ibfk_1` FOREIGN KEY (`astrofilo`) REFERENCES `astrofilo` (`mail`),
  ADD CONSTRAINT `commentastudio_ibfk_2` FOREIGN KEY (`studio`) REFERENCES `studia` (`idstudio`);

--
-- Limiti per la tabella `costellazione`
--
ALTER TABLE `costellazione`
  ADD CONSTRAINT `costellazione_ibfk_1` FOREIGN KEY (`nome`) REFERENCES `corpo` (`nome`) ON DELETE CASCADE ON UPDATE CASCADE;

--
-- Limiti per la tabella `foto`
--
ALTER TABLE `foto`
  ADD CONSTRAINT `foto_ibfk_1` FOREIGN KEY (`idstudio`) REFERENCES `studia` (`idstudio`),
  ADD CONSTRAINT `foto_ibfk_2` FOREIGN KEY (`idastrofilo`) REFERENCES `astrofilo` (`mail`);

--
-- Limiti per la tabella `galassia`
--
ALTER TABLE `galassia`
  ADD CONSTRAINT `galassia_ibfk_1` FOREIGN KEY (`nome`) REFERENCES `corpo` (`nome`) ON DELETE CASCADE ON UPDATE CASCADE;

--
-- Limiti per la tabella `giudica`
--
ALTER TABLE `giudica`
  ADD CONSTRAINT `giudica_ibfk_1` FOREIGN KEY (`nomeloc`,`provloc`) REFERENCES `localita` (`nome`, `prov`) ON DELETE CASCADE ON UPDATE CASCADE,
  ADD CONSTRAINT `giudica_ibfk_2` FOREIGN KEY (`astrofilo`) REFERENCES `astrofilo` (`mail`) ON DELETE CASCADE ON UPDATE CASCADE;

--
-- Limiti per la tabella `giudicafoto`
--
ALTER TABLE `giudicafoto`
  ADD CONSTRAINT `giudicafoto_ibfk_1` FOREIGN KEY (`votante`) REFERENCES `astrofilo` (`mail`),
  ADD CONSTRAINT `giudicafoto_ibfk_2` FOREIGN KEY (`idfoto`) REFERENCES `foto` (`idfoto`);

--
-- Limiti per la tabella `giudicastudio`
--
ALTER TABLE `giudicastudio`
  ADD CONSTRAINT `giudicastudio_ibfk_1` FOREIGN KEY (`studio`) REFERENCES `studia` (`idstudio`),
  ADD CONSTRAINT `giudicastudio_ibfk_2` FOREIGN KEY (`votante`) REFERENCES `astrofilo` (`mail`);

--
-- Limiti per la tabella `gruppo`
--
ALTER TABLE `gruppo`
  ADD CONSTRAINT `gruppo_ibfk_1` FOREIGN KEY (`citta`,`prov`) REFERENCES `localita` (`nome`, `prov`);

--
-- Limiti per la tabella `localita`
--
ALTER TABLE `localita`
  ADD CONSTRAINT `localita_ibfk_1` FOREIGN KEY (`prov`) REFERENCES `provincia` (`sigla`);

--
-- Limiti per la tabella `nebulosa`
--
ALTER TABLE `nebulosa`
  ADD CONSTRAINT `nebulosa_ibfk_1` FOREIGN KEY (`nome`) REFERENCES `corpo` (`nome`) ON DELETE CASCADE ON UPDATE CASCADE;

--
-- Limiti per la tabella `parte`
--
ALTER TABLE `parte`
  ADD CONSTRAINT `parte_ibfk_1` FOREIGN KEY (`idgr`) REFERENCES `gruppo` (`idgr`) ON DELETE CASCADE ON UPDATE CASCADE,
  ADD CONSTRAINT `parte_ibfk_2` FOREIGN KEY (`astrofilo`) REFERENCES `astrofilo` (`mail`) ON DELETE CASCADE ON UPDATE CASCADE;

--
-- Limiti per la tabella `pianeta`
--
ALTER TABLE `pianeta`
  ADD CONSTRAINT `pianeta_ibfk_1` FOREIGN KEY (`nome`) REFERENCES `corpo` (`nome`) ON DELETE CASCADE ON UPDATE CASCADE;

--
-- Limiti per la tabella `satellite`
--
ALTER TABLE `satellite`
  ADD CONSTRAINT `satellite_ibfk_1` FOREIGN KEY (`nome`) REFERENCES `corpo` (`nome`) ON DELETE CASCADE ON UPDATE CASCADE;

--
-- Limiti per la tabella `stella`
--
ALTER TABLE `stella`
  ADD CONSTRAINT `stella_ibfk_1` FOREIGN KEY (`nome`) REFERENCES `corpo` (`nome`) ON DELETE CASCADE ON UPDATE CASCADE,
  ADD CONSTRAINT `stella_ibfk_2` FOREIGN KEY (`costellazione`) REFERENCES `costellazione` (`nome`) ON DELETE CASCADE ON UPDATE CASCADE;

--
-- Limiti per la tabella `studia`
--
ALTER TABLE `studia`
  ADD CONSTRAINT `studia_ibfk_1` FOREIGN KEY (`astrofilo`) REFERENCES `astrofilo` (`mail`) ON DELETE CASCADE ON UPDATE CASCADE,
  ADD CONSTRAINT `studia_ibfk_2` FOREIGN KEY (`evento`) REFERENCES `evento` (`nome`) ON UPDATE CASCADE;

/*!40101 SET CHARACTER_SET_CLIENT=@OLD_CHARACTER_SET_CLIENT */;
/*!40101 SET CHARACTER_SET_RESULTS=@OLD_CHARACTER_SET_RESULTS */;
/*!40101 SET COLLATION_CONNECTION=@OLD_COLLATION_CONNECTION */;
